{"type": "FeatureCollection", "features": [{"type": "Feature", "geometry": {"type": "Point", "coordinates": [5.6020460000000005, 6.397020999999998]}, "properties": {"sourceId": "f02cb307-d7b3-42a7-b385-bb865e24402f", "name": "College of Medicine Uniben", "kind": "place", "sources": [{"property": "", "dataset": "meta", "license": "CDLA-Permissive-2.0", "record_id": "106230832748588", "update_time": "2026-09-14T00:00:00.000Z", "confidence": 0.6272572875022888, "between": null, "provider": "meta", "resource": "meta", "version": "2026-09-14"}, {"property": "/properties/confidence", "dataset": "Overture", "license": "CDLA-Permissive-2.0", "record_id": null, "update_time": "2026-09-17T22:52:12Z", "confidence": null, "between": null, "provider": "overture", "resource": "confidence_calculation", "version": "2026-09-17"}], "release": "2026-09-23.1", "provider": "Overture Maps Foundation"}}, {"type": "Feature", "geometry": {"type": "Point", "coordinates": [5.611205, 6.4162303365552]}, "properties": {"sourceId": "c311ef65-7b26-41dd-a624-3b47b26f629e", "name": "Big V Mr producer", "kind": "place", "sources": [{"property": "", "dataset": "meta", "license": "CDLA-Permissive-2.0", "record_id": "333960326469425", "update_time": "2026-08-24T00:00:00.000Z", "confidence": 0.2771269977092743, "between": null, "provider": "meta", "resource": "meta", "version": "2026-08-24"}, {"property": "/properties/confidence", "dataset": "Overture", "license": "CDLA-Permissive-2.0", "record_id": null, "update_time": "2026-09-17T22:52:12Z", "confidence": null, "between": null, "provider": "overture", "resource": "confidence_calculation", "version": "2026-09-17"}], "release": "2026-09-23.1", "provider": "Overture Maps Foundation"}}, {"type": "Feature", "geometry": {"type": "Point", "coordinates": [5.60444, 6.41996]}, "properties": {"sourceId": "60114c52-3a42-4143-8377-d0f1737ec794", "name": "The Church of Jesus Christ of Latter-day Saints", "kind": "place", "sources": [{"property": "", "dataset": "Microsoft", "license": "CDLA-Permissive-2.0", "record_id": "562949966044742", "update_time": "2025-08-05T21:59:25.373Z", "confidence": 0.85, "between": null, "provider": "microsoft", "resource": "microsoft", "version": "2025-10-20"}, {"property": "/properties/confidence", "dataset": "Overture", "license": "CDLA-Permissive-2.0", "record_id": null, "update_time": "2026-09-17T22:52:12Z", "confidence": null, "between": null, "provider": "overture", "resource": "confidence_calculation", "version": "2026-09-17"}], "release": "2026-09-23.1", "provider": "Overture Maps Foundation"}}, {"type": "Feature", "geometry": {"type": "Point", "coordinates": [5.6044873, 6.4167008]}, "properties": {"sourceId": "34b8cb75-bc31-4bd1-a730-e16072414d94", "name": "Living Faith Church Ugbowo", "kind": "place", "sources": [{"property": "", "dataset": "meta", "license": "CDLA-Permissive-2.0", "record_id": "466870293750389", "update_time": "2026-09-14T00:00:00.000Z", "confidence": 0.8219214081764221, "between": null, "provider": "meta", "resource": "meta", "version": "2026-09-14"}, {"property": "/properties/confidence", "dataset": "Overture", "license": "CDLA-Permissive-2.0", "record_id": null, "update_time": "2026-09-17T22:52:12Z", "confidence": null, "between": null, "provider": "overture", "resource": "confidence_calculation", "version": "2026-09-17"}], "release": "2026-09-23.1", "provider": "Overture Maps Foundation"}}, {"type": "Feature", "geometry": {"type": "Point", "coordinates": [5.6055463, 6.41587775]}, "properties": {"sourceId": "78a7ee48-cab1-40f1-8c64-29c0dd2f92b4", "name": "Grace-Tribe Church", "kind": "place", "sources": [{"property": "", "dataset": "meta", "license": "CDLA-Permissive-2.0", "record_id": "307908483005484", "update_time": "2026-09-14T00:00:00.000Z", "confidence": 0.5097503066062927, "between": null, "provider": "meta", "resource": "meta", "version": "2026-09-14"}, {"property": "/properties/confidence", "dataset": "Overture", "license": "CDLA-Permissive-2.0", "record_id": null, "update_time": "2026-09-17T22:52:12Z", "confidence": null, "between": null, "provider": "overture", "resource": "confidence_calculation", "version": "2026-09-17"}], "release": "2026-09-23.1", "provider": "Overture Maps Foundation"}}, {"type": "Feature", "geometry": {"type": "Point", "coordinates": [5.6055463, 6.41587775]}, "properties": {"sourceId": "d45907d8-160c-4f34-98ed-09bf4780ce4a", "name": "Grace-Tribe Churches Int'l", "kind": "place", "sources": [{"property": "", "dataset": "meta", "license": "CDLA-Permissive-2.0", "record_id": "307908483005484", "update_time": "2026-08-24T00:00:00.000Z", "confidence": 0.5042228102684021, "between": null, "provider": "meta", "resource": "meta", "version": "2026-08-24"}, {"property": "/properties/confidence", "dataset": "Overture", "license": "CDLA-Permissive-2.0", "record_id": null, "update_time": "2026-09-17T22:52:12Z", "confidence": null, "between": null, "provider": "overture", "resource": "confidence_calculation", "version": "2026-09-17"}], "release": "2026-09-23.1", "provider": "Overture Maps Foundation"}}, {"type": "Feature", "geometry": {"type": "Point", "coordinates": [5.6063761998763, 6.4142623826949]}, "properties": {"sourceId": "38139f3a-e014-4e88-a69e-c3f7650a7e68", "name": "oando filling station", "kind": "place", "sources": [{"property": "", "dataset": "meta", "license": "CDLA-Permissive-2.0", "record_id": "300553830670370", "update_time": "2026-09-14T00:00:00.000Z", "confidence": 0.5009810328483582, "between": null, "provider": "meta", "resource": "meta", "version": "2026-09-14"}, {"property": "/properties/confidence", "dataset": "Overture", "license": "CDLA-Permissive-2.0", "record_id": null, "update_time": "2026-09-17T22:52:12Z", "confidence": null, "between": null, "provider": "overture", "resource": "confidence_calculation", "version": "2026-09-17"}], "release": "2026-09-23.1", "provider": "Overture Maps Foundation"}}, {"type": "Feature", "geometry": {"type": "Point", "coordinates": [5.60592464, 6.41213891]}, "properties": {"sourceId": "a290dc1e-4eb1-4993-b298-51c32c9e2936", "name": "Sanjogan cleaning services", "kind": "place", "sources": [{"property": "", "dataset": "meta", "license": "CDLA-Permissive-2.0", "record_id": "384683158066309", "update_time": "2026-09-14T00:00:00.000Z", "confidence": 0.3165236711502075, "between": null, "provider": "meta", "resource": "meta", "version": "2026-09-14"}, {"property": "/properties/confidence", "dataset": "Overture", "license": "CDLA-Permissive-2.0", "record_id": null, "update_time": "2026-09-17T22:52:12Z", "confidence": null, "between": null, "provider": "overture", "resource": "confidence_calculation", "version": "2026-09-17"}], "release": "2026-09-23.1", "provider": "Overture Maps Foundation"}}, {"type": "Feature", "geometry": {"type": "Point", "coordinates": [5.604048, 6.4131193337734]}, "properties": {"sourceId": "cc2d4a17-9894-4373-902e-7a84ff66cc7a", "name": "De fashion Mall boutique", "kind": "place", "sources": [{"property": "", "dataset": "meta", "license": "CDLA-Permissive-2.0", "record_id": "101074699620003", "update_time": "2026-09-14T00:00:00.000Z", "confidence": 0.5419673919677734, "between": null, "provider": "meta", "resource": "meta", "version": "2026-09-14"}, {"property": "/properties/confidence", "dataset": "Overture", "license": "CDLA-Permissive-2.0", "record_id": null, "update_time": "2026-09-17T22:52:12Z", "confidence": null, "between": null, "provider": "overture", "resource": "confidence_calculation", "version": "2026-09-17"}], "release": "2026-09-23.1", "provider": "Overture Maps Foundation"}}, {"type": "Feature", "geometry": {"type": "Point", "coordinates": [5.60314593, 6.40987537]}, "properties": {"sourceId": "e2a113cf-c5f0-4607-9b79-d3be1ab5e772", "name": "S&T Officers Mess", "kind": "place", "sources": [{"property": "", "dataset": "meta", "license": "CDLA-Permissive-2.0", "record_id": "557349890946959", "update_time": "2026-09-14T00:00:00.000Z", "confidence": 0.3018954396247864, "between": null, "provider": "meta", "resource": "meta", "version": "2026-09-14"}, {"property": "/properties/confidence", "dataset": "Overture", "license": "CDLA-Permissive-2.0", "record_id": null, "update_time": "2026-09-17T22:52:12Z", "confidence": null, "between": null, "provider": "overture", "resource": "confidence_calculation", "version": "2026-09-17"}], "release": "2026-09-23.1", "provider": "Overture Maps Foundation"}}, {"type": "Feature", "geometry": {"type": "Point", "coordinates": [5.6050926446915, 6.4065239983705]}, "properties": {"sourceId": "b860d315-1720-4bbd-a766-88e62da7841d", "name": "Precious Palm Royal Hotel Benin", "kind": "place", "sources": [{"property": "", "dataset": "meta", "license": "CDLA-Permissive-2.0", "record_id": "199580906729090", "update_time": "2026-09-14T00:00:00.000Z", "confidence": 0.8507638573646545, "between": null, "provider": "meta", "resource": "meta", "version": "2026-09-14"}, {"property": "/properties/confidence", "dataset": "Overture", "license": "CDLA-Permissive-2.0", "record_id": null, "update_time": "2026-09-17T22:52:12Z", "confidence": null, "between": null, "provider": "overture", "resource": "confidence_calculation", "version": "2026-09-17"}], "release": "2026-09-23.1", "provider": "Overture Maps Foundation"}}, {"type": "Feature", "geometry": {"type": "Point", "coordinates": [5.60503274, 6.40812037]}, "properties": {"sourceId": "2752e0b4-0137-4266-8fcc-dd2faaf36ddb", "name": "Patjude Fashion House", "kind": "place", "sources": [{"property": "", "dataset": "meta", "license": "CDLA-Permissive-2.0", "record_id": "175763321220344", "update_time": "2026-09-14T00:00:00.000Z", "confidence": 0.4467800259590149, "between": null, "provider": "meta", "resource": "meta", "version": "2026-09-14"}, {"property": "/properties/confidence", "dataset": "Overture", "license": "CDLA-Permissive-2.0", "record_id": null, "update_time": "2026-09-17T22:52:12Z", "confidence": null, "between": null, "provider": "overture", "resource": "confidence_calculation", "version": "2026-09-17"}], "release": "2026-09-23.1", "provider": "Overture Maps Foundation"}}, {"type": "Feature", "geometry": {"type": "Point", "coordinates": [5.606568, 6.4091986]}, "properties": {"sourceId": "8c95cbc6-2de1-48d8-a873-92d35de77076", "name": "Mat-Ice", "kind": "place", "sources": [{"property": "", "dataset": "meta", "license": "CDLA-Permissive-2.0", "record_id": "318629624981991", "update_time": "2026-09-14T00:00:00.000Z", "confidence": 0.9595695734024048, "between": null, "provider": "meta", "resource": "meta", "version": "2026-09-14"}, {"property": "/properties/confidence", "dataset": "Overture", "license": "CDLA-Permissive-2.0", "record_id": null, "update_time": "2026-09-17T22:52:12Z", "confidence": null, "between": null, "provider": "overture", "resource": "confidence_calculation", "version": "2026-09-17"}], "release": "2026-09-23.1", "provider": "Overture Maps Foundation"}}, {"type": "Feature", "geometry": {"type": "Point", "coordinates": [5.606568, 6.4091986]}, "properties": {"sourceId": "2c0e56b8-3dcf-4f64-9b42-82a4e616f8c0", "name": "SYLVA Marketing Agency", "kind": "place", "sources": [{"property": "", "dataset": "meta", "license": "CDLA-Permissive-2.0", "record_id": "193222480847457", "update_time": "2026-09-14T00:00:00.000Z", "confidence": 0.5375719666481018, "between": null, "provider": "meta", "resource": "meta", "version": "2026-09-14"}, {"property": "/properties/confidence", "dataset": "Overture", "license": "CDLA-Permissive-2.0", "record_id": null, "update_time": "2026-09-17T22:52:12Z", "confidence": null, "between": null, "provider": "overture", "resource": "confidence_calculation", "version": "2026-09-17"}], "release": "2026-09-23.1", "provider": "Overture Maps Foundation"}}, {"type": "Feature", "geometry": {"type": "Point", "coordinates": [5.606707170000001, 6.406216800000001]}, "properties": {"sourceId": "1382a448-307c-4255-b2b9-9b97f8c821ac", "name": "Deutschmann HotelsUgbowo,Benin city.", "kind": "place", "sources": [{"property": "", "dataset": "meta", "license": "CDLA-Permissive-2.0", "record_id": "426877570781147", "update_time": "2026-09-14T00:00:00.000Z", "confidence": 0.8376823663711548, "between": null, "provider": "meta", "resource": "meta", "version": "2026-09-14"}, {"property": "/properties/confidence", "dataset": "Overture", "license": "CDLA-Permissive-2.0", "record_id": null, "update_time": "2026-09-17T22:52:12Z", "confidence": null, "between": null, "provider": "overture", "resource": "confidence_calculation", "version": "2026-09-17"}], "release": "2026-09-23.1", "provider": "Overture Maps Foundation"}}, {"type": "Feature", "geometry": {"type": "Point", "coordinates": [5.606640470375821, 6.406257579452387]}, "properties": {"sourceId": "ae4b2bbe-43e9-45c8-a6b9-518a65643231", "name": "Film House Edo State", "kind": "place", "sources": [{"property": "", "dataset": "meta", "license": "CDLA-Permissive-2.0", "record_id": "134860850617930", "update_time": "2026-09-14T00:00:00.000Z", "confidence": 0.7067788243293762, "between": null, "provider": "meta", "resource": "meta", "version": "2026-09-14"}, {"property": "/properties/confidence", "dataset": "Overture", "license": "CDLA-Permissive-2.0", "record_id": null, "update_time": "2026-09-17T22:52:12Z", "confidence": null, "between": null, "provider": "overture", "resource": "confidence_calculation", "version": "2026-09-17"}], "release": "2026-09-23.1", "provider": "Overture Maps Foundation"}}, {"type": "Feature", "geometry": {"type": "Point", "coordinates": [5.60694834, 6.40668002]}, "properties": {"sourceId": "136e7c57-9333-4475-961d-e87fce6b8b91", "name": "VOEN Mall", "kind": "place", "sources": [{"property": "", "dataset": "meta", "license": "CDLA-Permissive-2.0", "record_id": "157013228403921", "update_time": "2026-09-14T00:00:00.000Z", "confidence": 0.7637588381767273, "between": null, "provider": "meta", "resource": "meta", "version": "2026-09-14"}, {"property": "/properties/confidence", "dataset": "Overture", "license": "CDLA-Permissive-2.0", "record_id": null, "update_time": "2026-09-17T22:52:12Z", "confidence": null, "between": null, "provider": "overture", "resource": "confidence_calculation", "version": "2026-09-17"}], "release": "2026-09-23.1", "provider": "Overture Maps Foundation"}}, {"type": "Feature", "geometry": {"type": "Point", "coordinates": [5.60937422, 6.40363438]}, "properties": {"sourceId": "ceda174c-c49f-4539-ad41-e5be126325ba", "name": "First Bank", "kind": "place", "sources": [{"property": "", "dataset": "meta", "license": "CDLA-Permissive-2.0", "record_id": "2048282165191977", "update_time": "2026-09-14T00:00:00.000Z", "confidence": 0.5621108412742615, "between": null, "provider": "meta", "resource": "meta", "version": "2026-09-14"}, {"property": "/properties/confidence", "dataset": "Overture", "license": "CDLA-Permissive-2.0", "record_id": null, "update_time": "2026-09-17T22:52:12Z", "confidence": null, "between": null, "provider": "overture", "resource": "confidence_calculation", "version": "2026-09-17"}], "release": "2026-09-23.1", "provider": "Overture Maps Foundation"}}, {"type": "Feature", "geometry": {"type": "Point", "coordinates": [5.610345752000555, 6.4023030940070615]}, "properties": {"sourceId": "abffb7a1-27b6-452e-b5b6-baacb0da3273", "name": "Mercy's Place Enterprise", "kind": "place", "sources": [{"property": "", "dataset": "meta", "license": "CDLA-Permissive-2.0", "record_id": "2049085101979970", "update_time": "2026-09-14T00:00:00.000Z", "confidence": 0.7738173007965088, "between": null, "provider": "meta", "resource": "meta", "version": "2026-09-14"}, {"property": "/properties/confidence", "dataset": "Overture", "license": "CDLA-Permissive-2.0", "record_id": null, "update_time": "2026-09-17T22:52:12Z", "confidence": null, "between": null, "provider": "overture", "resource": "confidence_calculation", "version": "2026-09-17"}], "release": "2026-09-23.1", "provider": "Overture Maps Foundation"}}, {"type": "Feature", "geometry": {"type": "Point", "coordinates": [5.61007548, 6.40078676]}, "properties": {"sourceId": "68880ca8-5fc5-4227-a5b8-478ef653507c", "name": "Wema Bank", "kind": "place", "sources": [{"property": "", "dataset": "meta", "license": "CDLA-Permissive-2.0", "record_id": "474782506427035", "update_time": "2026-09-14T00:00:00.000Z", "confidence": 0.6178230047225952, "between": null, "provider": "meta", "resource": "meta", "version": "2026-09-14"}, {"property": "/properties/confidence", "dataset": "Overture", "license": "CDLA-Permissive-2.0", "record_id": null, "update_time": "2026-09-17T22:52:12Z", "confidence": null, "between": null, "provider": "overture", "resource": "confidence_calculation", "version": "2026-09-17"}], "release": "2026-09-23.1", "provider": "Overture Maps Foundation"}}, {"type": "Feature", "geometry": {"type": "Point", "coordinates": [5.6101856229725, 6.4006508917745]}, "properties": {"sourceId": "07c3c76b-a1ff-479b-9da8-55522de29ec8", "name": "SPESSE Uniben", "kind": "place", "sources": [{"property": "", "dataset": "meta", "license": "CDLA-Permissive-2.0", "record_id": "109060948304018", "update_time": "2026-09-14T00:00:00.000Z", "confidence": 0.6720607280731201, "between": null, "provider": "meta", "resource": "meta", "version": "2026-09-14"}, {"property": "/properties/confidence", "dataset": "Overture", "license": "CDLA-Permissive-2.0", "record_id": null, "update_time": "2026-09-17T22:52:12Z", "confidence": null, "between": null, "provider": "overture", "resource": "confidence_calculation", "version": "2026-09-17"}], "release": "2026-09-23.1", "provider": "Overture Maps Foundation"}}, {"type": "Feature", "geometry": {"type": "Point", "coordinates": [5.6103425, 6.3999149832768]}, "properties": {"sourceId": "1be18fe4-975c-4f01-9b79-14d4dd74aeca", "name": "Heslaw Nig Enterprise", "kind": "place", "sources": [{"property": "", "dataset": "meta", "license": "CDLA-Permissive-2.0", "record_id": "108634541734184", "update_time": "2026-09-14T00:00:00.000Z", "confidence": 0.4379836916923523, "between": null, "provider": "meta", "resource": "meta", "version": "2026-09-14"}, {"property": "/properties/confidence", "dataset": "Overture", "license": "CDLA-Permissive-2.0", "record_id": null, "update_time": "2026-09-17T22:52:12Z", "confidence": null, "between": null, "provider": "overture", "resource": "confidence_calculation", "version": "2026-09-17"}], "release": "2026-09-23.1", "provider": "Overture Maps Foundation"}}, {"type": "Feature", "geometry": {"type": "Point", "coordinates": [5.610187, 6.399462921578]}, "properties": {"sourceId": "f4711cd9-7431-4e32-bd53-eef49af1a7ac", "name": "Marlin Dental Clinic", "kind": "place", "sources": [{"property": "", "dataset": "meta", "license": "CDLA-Permissive-2.0", "record_id": "104425255561778", "update_time": "2026-09-14T00:00:00.000Z", "confidence": 0.8261664509773254, "between": null, "provider": "meta", "resource": "meta", "version": "2026-09-14"}, {"property": "/properties/confidence", "dataset": "Overture", "license": "CDLA-Permissive-2.0", "record_id": null, "update_time": "2026-09-17T22:52:12Z", "confidence": null, "between": null, "provider": "overture", "resource": "confidence_calculation", "version": "2026-09-17"}], "release": "2026-09-23.1", "provider": "Overture Maps Foundation"}}, {"type": "Feature", "geometry": {"type": "Point", "coordinates": [5.61055645, 6.39857563]}, "properties": {"sourceId": "72fff141-b317-4509-b6e2-68dda2411ba3", "name": "Uniben Swimming Pool", "kind": "place", "sources": [{"property": "", "dataset": "meta", "license": "CDLA-Permissive-2.0", "record_id": "673775926338847", "update_time": "2026-09-14T00:00:00.000Z", "confidence": 0.6410869359970093, "between": null, "provider": "meta", "resource": "meta", "version": "2026-09-14"}, {"property": "/properties/confidence", "dataset": "Overture", "license": "CDLA-Permissive-2.0", "record_id": null, "update_time": "2026-09-17T22:52:12Z", "confidence": null, "between": null, "provider": "overture", "resource": "confidence_calculation", "version": "2026-09-17"}], "release": "2026-09-23.1", "provider": "Overture Maps Foundation"}}, {"type": "Feature", "geometry": {"type": "Point", "coordinates": [5.6098642, 6.39976296]}, "properties": {"sourceId": "b0595432-201b-4a2f-b364-5efcd05a0472", "name": "SMT Sales and Repair Services", "kind": "place", "sources": [{"property": "", "dataset": "meta", "license": "CDLA-Permissive-2.0", "record_id": "103602458054292", "update_time": "2026-09-14T00:00:00.000Z", "confidence": 0.5706795454025269, "between": null, "provider": "meta", "resource": "meta", "version": "2026-09-14"}, {"property": "/properties/confidence", "dataset": "Overture", "license": "CDLA-Permissive-2.0", "record_id": null, "update_time": "2026-09-17T22:52:12Z", "confidence": null, "between": null, "provider": "overture", "resource": "confidence_calculation", "version": "2026-09-17"}], "release": "2026-09-23.1", "provider": "Overture Maps Foundation"}}, {"type": "Feature", "geometry": {"type": "Point", "coordinates": [5.6100936, 6.3996818829648]}, "properties": {"sourceId": "5225b4c8-1445-4b45-aa0c-f0be9f003ba4", "name": "coral_kiddies", "kind": "place", "sources": [{"property": "", "dataset": "meta", "license": "CDLA-Permissive-2.0", "record_id": "102987318665950", "update_time": "2026-09-14T00:00:00.000Z", "confidence": 0.5945442318916321, "between": null, "provider": "meta", "resource": "meta", "version": "2026-09-14"}, {"property": "/properties/confidence", "dataset": "Overture", "license": "CDLA-Permissive-2.0", "record_id": null, "update_time": "2026-09-17T22:52:12Z", "confidence": null, "between": null, "provider": "overture", "resource": "confidence_calculation", "version": "2026-09-17"}], "release": "2026-09-23.1", "provider": "Overture Maps Foundation"}}, {"type": "Feature", "geometry": {"type": "Point", "coordinates": [5.6097727, 6.3998133218906]}, "properties": {"sourceId": "61dc563d-4db5-4a5a-81fc-d3c5ac4a048e", "name": "benin_market_shopper", "kind": "place", "sources": [{"property": "", "dataset": "meta", "license": "CDLA-Permissive-2.0", "record_id": "100484008395461", "update_time": "2026-09-14T00:00:00.000Z", "confidence": 0.2706725299358368, "between": null, "provider": "meta", "resource": "meta", "version": "2026-09-14"}, {"property": "/properties/confidence", "dataset": "Overture", "license": "CDLA-Permissive-2.0", "record_id": null, "update_time": "2026-09-17T22:52:12Z", "confidence": null, "between": null, "provider": "overture", "resource": "confidence_calculation", "version": "2026-09-17"}], "release": "2026-09-23.1", "provider": "Overture Maps Foundation"}}, {"type": "Feature", "geometry": {"type": "Point", "coordinates": [5.6097006797791, 6.4000468913954]}, "properties": {"sourceId": "2287394c-6d14-40db-85f4-d47a6543ff5f", "name": "University of Benin", "kind": "place", "sources": [{"property": "", "dataset": "meta", "license": "CDLA-Permissive-2.0", "record_id": "105508792825440", "update_time": "2026-09-14T00:00:00.000Z", "confidence": 0.8877102732658386, "between": null, "provider": "meta", "resource": "meta", "version": "2026-09-14"}, {"property": "/properties/confidence", "dataset": "Overture", "license": "CDLA-Permissive-2.0", "record_id": null, "update_time": "2026-09-17T22:52:12Z", "confidence": null, "between": null, "provider": "overture", "resource": "confidence_calculation", "version": "2026-09-17"}], "release": "2026-09-23.1", "provider": "Overture Maps Foundation"}}, {"type": "Feature", "geometry": {"type": "Point", "coordinates": [5.6096363067627, 6.3998949582703]}, "properties": {"sourceId": "6209f7ce-29c8-4ea3-a1ad-b38deae42798", "name": "G-Best", "kind": "place", "sources": [{"property": "", "dataset": "meta", "license": "CDLA-Permissive-2.0", "record_id": "811586045689629", "update_time": "2026-09-14T00:00:00.000Z", "confidence": 0.6474409699440002, "between": null, "provider": "meta", "resource": "meta", "version": "2026-09-14"}, {"property": "/properties/confidence", "dataset": "Overture", "license": "CDLA-Permissive-2.0", "record_id": null, "update_time": "2026-09-17T22:52:12Z", "confidence": null, "between": null, "provider": "overture", "resource": "confidence_calculation", "version": "2026-09-17"}], "release": "2026-09-23.1", "provider": "Overture Maps Foundation"}}, {"type": "Feature", "geometry": {"type": "Point", "coordinates": [5.6091838306282, 6.3996740823554]}, "properties": {"sourceId": "78a85264-f711-4c57-93d4-f6c0d0c116d5", "name": "Nailbarby_Aj", "kind": "place", "sources": [{"property": "", "dataset": "meta", "license": "CDLA-Permissive-2.0", "record_id": "119383151078114", "update_time": "2026-08-24T00:00:00.000Z", "confidence": 0.30389437079429626, "between": null, "provider": "meta", "resource": "meta", "version": "2026-08-24"}, {"property": "/properties/confidence", "dataset": "Overture", "license": "CDLA-Permissive-2.0", "record_id": null, "update_time": "2026-09-17T22:52:12Z", "confidence": null, "between": null, "provider": "overture", "resource": "confidence_calculation", "version": "2026-09-17"}], "release": "2026-09-23.1", "provider": "Overture Maps Foundation"}}, {"type": "Feature", "geometry": {"type": "Point", "coordinates": [5.60900927, 6.39996127]}, "properties": {"sourceId": "e7f92d90-04cb-4fe7-92c6-e17320c30080", "name": "Tetra Prints", "kind": "place", "sources": [{"property": "", "dataset": "meta", "license": "CDLA-Permissive-2.0", "record_id": "106309288626939", "update_time": "2026-09-14T00:00:00.000Z", "confidence": 0.16390544176101685, "between": null, "provider": "meta", "resource": "meta", "version": "2026-09-14"}, {"property": "/properties/confidence", "dataset": "Overture", "license": "CDLA-Permissive-2.0", "record_id": null, "update_time": "2026-09-17T22:52:12Z", "confidence": null, "between": null, "provider": "overture", "resource": "confidence_calculation", "version": "2026-09-17"}], "release": "2026-09-23.1", "provider": "Overture Maps Foundation"}}, {"type": "Feature", "geometry": {"type": "Point", "coordinates": [5.60914, 6.39994]}, "properties": {"sourceId": "c62754e9-f4d5-4dca-b164-f7b246bbb2c7", "name": "Pic 2 fit Affairs", "kind": "place", "sources": [{"property": "", "dataset": "meta", "license": "CDLA-Permissive-2.0", "record_id": "1111849668966022", "update_time": "2026-09-14T00:00:00.000Z", "confidence": 0.5452943444252014, "between": null, "provider": "meta", "resource": "meta", "version": "2026-09-14"}, {"property": "/properties/confidence", "dataset": "Overture", "license": "CDLA-Permissive-2.0", "record_id": null, "update_time": "2026-09-17T22:52:12Z", "confidence": null, "between": null, "provider": "overture", "resource": "confidence_calculation", "version": "2026-09-17"}], "release": "2026-09-23.1", "provider": "Overture Maps Foundation"}}, {"type": "Feature", "geometry": {"type": "Point", "coordinates": [5.60914, 6.39994]}, "properties": {"sourceId": "57ad3f28-27f0-4c28-8c9e-ec1e631bf4b9", "name": "Association of Computer Engineering Students-ACES, Uniben", "kind": "place", "sources": [{"property": "", "dataset": "meta", "license": "CDLA-Permissive-2.0", "record_id": "108992953823931", "update_time": "2026-09-14T00:00:00.000Z", "confidence": 0.3041151165962219, "between": null, "provider": "meta", "resource": "meta", "version": "2026-09-14"}, {"property": "/properties/confidence", "dataset": "Overture", "license": "CDLA-Permissive-2.0", "record_id": null, "update_time": "2026-09-17T22:52:12Z", "confidence": null, "between": null, "provider": "overture", "resource": "confidence_calculation", "version": "2026-09-17"}], "release": "2026-09-23.1", "provider": "Overture Maps Foundation"}}, {"type": "Feature", "geometry": {"type": "Point", "coordinates": [5.60914, 6.39994]}, "properties": {"sourceId": "d3bb0edf-eab3-4366-ae6e-9825565791d8", "name": "Nailed By Luna", "kind": "place", "sources": [{"property": "", "dataset": "meta", "license": "CDLA-Permissive-2.0", "record_id": "104316365990581", "update_time": "2026-08-24T00:00:00.000Z", "confidence": 0.1932409107685089, "between": null, "provider": "meta", "resource": "meta", "version": "2026-08-24"}, {"property": "/properties/confidence", "dataset": "Overture", "license": "CDLA-Permissive-2.0", "record_id": null, "update_time": "2026-09-17T22:52:12Z", "confidence": null, "between": null, "provider": "overture", "resource": "confidence_calculation", "version": "2026-09-17"}], "release": "2026-09-23.1", "provider": "Overture Maps Foundation"}}, {"type": "Feature", "geometry": {"type": "Point", "coordinates": [5.60914, 6.39994]}, "properties": {"sourceId": "abc6b2f3-e4be-4365-be50-ce8cb7870290", "name": "Esosa John", "kind": "place", "sources": [{"property": "", "dataset": "meta", "license": "CDLA-Permissive-2.0", "record_id": "125404863991141", "update_time": "2026-08-24T00:00:00.000Z", "confidence": 0.17797495424747467, "between": null, "provider": "meta", "resource": "meta", "version": "2026-08-24"}, {"property": "/properties/confidence", "dataset": "Overture", "license": "CDLA-Permissive-2.0", "record_id": null, "update_time": "2026-09-17T22:52:12Z", "confidence": null, "between": null, "provider": "overture", "resource": "confidence_calculation", "version": "2026-09-17"}], "release": "2026-09-23.1", "provider": "Overture Maps Foundation"}}, {"type": "Feature", "geometry": {"type": "Point", "coordinates": [5.60913933, 6.3999545]}, "properties": {"sourceId": "43a4d6ed-ec38-449c-8333-0dbf3afe19fa", "name": "Nice Way Video and Film Production", "kind": "place", "sources": [{"property": "", "dataset": "meta", "license": "CDLA-Permissive-2.0", "record_id": "100787192693502", "update_time": "2026-09-14T00:00:00.000Z", "confidence": 0.14379048347473145, "between": null, "provider": "meta", "resource": "meta", "version": "2026-09-14"}, {"property": "/properties/confidence", "dataset": "Overture", "license": "CDLA-Permissive-2.0", "record_id": null, "update_time": "2026-09-17T22:52:12Z", "confidence": null, "between": null, "provider": "overture", "resource": "confidence_calculation", "version": "2026-09-17"}], "release": "2026-09-23.1", "provider": "Overture Maps Foundation"}}, {"type": "Feature", "geometry": {"type": "Point", "coordinates": [5.60915, 6.40009]}, "properties": {"sourceId": "f7250b65-1027-41bd-aa11-76dd8e8a0f1e", "name": "Uniblog Media Nigeria", "kind": "place", "sources": [{"property": "", "dataset": "meta", "license": "CDLA-Permissive-2.0", "record_id": "101344458059704", "update_time": "2026-09-14T00:00:00.000Z", "confidence": 0.5373700857162476, "between": null, "provider": "meta", "resource": "meta", "version": "2026-09-14"}, {"property": "/properties/confidence", "dataset": "Overture", "license": "CDLA-Permissive-2.0", "record_id": null, "update_time": "2026-09-17T22:52:12Z", "confidence": null, "between": null, "provider": "overture", "resource": "confidence_calculation", "version": "2026-09-17"}], "release": "2026-09-23.1", "provider": "Overture Maps Foundation"}}, {"type": "Feature", "geometry": {"type": "Point", "coordinates": [5.6088700560258, 6.3999221311552]}, "properties": {"sourceId": "a2d15648-72fd-49ee-b2e1-0e7c8b81174a", "name": "Uniben Main Gate", "kind": "place", "sources": [{"property": "", "dataset": "meta", "license": "CDLA-Permissive-2.0", "record_id": "247758399257153", "update_time": "2026-09-14T00:00:00.000Z", "confidence": 0.6461966633796692, "between": null, "provider": "meta", "resource": "meta", "version": "2026-09-14"}, {"property": "/properties/confidence", "dataset": "Overture", "license": "CDLA-Permissive-2.0", "record_id": null, "update_time": "2026-09-17T22:52:12Z", "confidence": null, "between": null, "provider": "overture", "resource": "confidence_calculation", "version": "2026-09-17"}], "release": "2026-09-23.1", "provider": "Overture Maps Foundation"}}, {"type": "Feature", "geometry": {"type": "Point", "coordinates": [5.6092505, 6.4011753231057]}, "properties": {"sourceId": "2cb4e8ae-f4d6-4785-b44f-c558e6eb414c", "name": "Blueway motors", "kind": "place", "sources": [{"property": "", "dataset": "meta", "license": "CDLA-Permissive-2.0", "record_id": "108448001916919", "update_time": "2026-09-14T00:00:00.000Z", "confidence": 0.2717221975326538, "between": null, "provider": "meta", "resource": "meta", "version": "2026-09-14"}, {"property": "/properties/confidence", "dataset": "Overture", "license": "CDLA-Permissive-2.0", "record_id": null, "update_time": "2026-09-17T22:52:12Z", "confidence": null, "between": null, "provider": "overture", "resource": "confidence_calculation", "version": "2026-09-17"}], "release": "2026-09-23.1", "provider": "Overture Maps Foundation"}}, {"type": "Feature", "geometry": {"type": "Point", "coordinates": [5.60939612, 6.40219511]}, "properties": {"sourceId": "cb6cfaca-cb21-4ef5-927e-078acaaff525", "name": "Flying Colors marte", "kind": "place", "sources": [{"property": "", "dataset": "meta", "license": "CDLA-Permissive-2.0", "record_id": "101106585606069", "update_time": "2026-09-14T00:00:00.000Z", "confidence": 0.2813778221607208, "between": null, "provider": "meta", "resource": "meta", "version": "2026-09-14"}, {"property": "/properties/confidence", "dataset": "Overture", "license": "CDLA-Permissive-2.0", "record_id": null, "update_time": "2026-09-17T22:52:12Z", "confidence": null, "between": null, "provider": "overture", "resource": "confidence_calculation", "version": "2026-09-17"}], "release": "2026-09-23.1", "provider": "Overture Maps Foundation"}}, {"type": "Feature", "geometry": {"type": "Point", "coordinates": [5.60822653, 6.40195738]}, "properties": {"sourceId": "d0cac082-94d0-4267-95cf-345a9e369388", "name": "Chellas Hub Thrift Store", "kind": "place", "sources": [{"property": "", "dataset": "meta", "license": "CDLA-Permissive-2.0", "record_id": "111830930499840", "update_time": "2026-09-14T00:00:00.000Z", "confidence": 0.3881228566169739, "between": null, "provider": "meta", "resource": "meta", "version": "2026-09-14"}, {"property": "/properties/confidence", "dataset": "Overture", "license": "CDLA-Permissive-2.0", "record_id": null, "update_time": "2026-09-17T22:52:12Z", "confidence": null, "between": null, "provider": "overture", "resource": "confidence_calculation", "version": "2026-09-17"}], "release": "2026-09-23.1", "provider": "Overture Maps Foundation"}}, {"type": "Feature", "geometry": {"type": "Point", "coordinates": [5.60811652, 6.40107013]}, "properties": {"sourceId": "8f4c78e0-c76d-42bc-bf68-1eeac286bfb3", "name": "SIMBA TECHub", "kind": "place", "sources": [{"property": "", "dataset": "meta", "license": "CDLA-Permissive-2.0", "record_id": "493663240492870", "update_time": "2026-09-14T00:00:00.000Z", "confidence": 0.32665255665779114, "between": null, "provider": "meta", "resource": "meta", "version": "2026-09-14"}, {"property": "/properties/confidence", "dataset": "Overture", "license": "CDLA-Permissive-2.0", "record_id": null, "update_time": "2026-09-17T22:52:12Z", "confidence": null, "between": null, "provider": "overture", "resource": "confidence_calculation", "version": "2026-09-17"}], "release": "2026-09-23.1", "provider": "Overture Maps Foundation"}}, {"type": "Feature", "geometry": {"type": "Point", "coordinates": [5.608532300979718, 6.401054163328087]}, "properties": {"sourceId": "b4cabf59-1d40-403a-99e7-f92a9ea72218", "name": "Odion Jane Fashion Academy", "kind": "place", "sources": [{"property": "", "dataset": "meta", "license": "CDLA-Permissive-2.0", "record_id": "106535335234829", "update_time": "2026-08-24T00:00:00.000Z", "confidence": 0.3932492733001709, "between": null, "provider": "meta", "resource": "meta", "version": "2026-08-24"}, {"property": "/properties/confidence", "dataset": "Overture", "license": "CDLA-Permissive-2.0", "record_id": null, "update_time": "2026-09-17T22:52:12Z", "confidence": null, "between": null, "provider": "overture", "resource": "confidence_calculation", "version": "2026-09-17"}], "release": "2026-09-23.1", "provider": "Overture Maps Foundation"}}, {"type": "Feature", "geometry": {"type": "Point", "coordinates": [5.60852147, 6.40118631]}, "properties": {"sourceId": "37c3fe2a-6b26-4f2b-81ae-99bff67758eb", "name": "Toseton Kitchen", "kind": "place", "sources": [{"property": "", "dataset": "meta", "license": "CDLA-Permissive-2.0", "record_id": "506322853215584", "update_time": "2026-09-14T00:00:00.000Z", "confidence": 0.6837602257728577, "between": null, "provider": "meta", "resource": "meta", "version": "2026-09-14"}, {"property": "/properties/confidence", "dataset": "Overture", "license": "CDLA-Permissive-2.0", "record_id": null, "update_time": "2026-09-17T22:52:12Z", "confidence": null, "between": null, "provider": "overture", "resource": "confidence_calculation", "version": "2026-09-17"}], "release": "2026-09-23.1", "provider": "Overture Maps Foundation"}}, {"type": "Feature", "geometry": {"type": "Point", "coordinates": [5.6086435, 6.4007806]}, "properties": {"sourceId": "3c6dbd57-a961-47cc-885a-cad6d52e5aea", "name": "The Joshua Generation Prayer ministry", "kind": "place", "sources": [{"property": "", "dataset": "meta", "license": "CDLA-Permissive-2.0", "record_id": "103498225463994", "update_time": "2026-09-14T00:00:00.000Z", "confidence": 0.5286738872528076, "between": null, "provider": "meta", "resource": "meta", "version": "2026-09-14"}, {"property": "/properties/confidence", "dataset": "Overture", "license": "CDLA-Permissive-2.0", "record_id": null, "update_time": "2026-09-17T22:52:12Z", "confidence": null, "between": null, "provider": "overture", "resource": "confidence_calculation", "version": "2026-09-17"}], "release": "2026-09-23.1", "provider": "Overture Maps Foundation"}}, {"type": "Feature", "geometry": {"type": "Point", "coordinates": [5.60863937, 6.4001361]}, "properties": {"sourceId": "1dbac118-c947-4879-b2fe-05e2355e07ce", "name": "Sam's Penthouse Africa", "kind": "place", "sources": [{"property": "", "dataset": "meta", "license": "CDLA-Permissive-2.0", "record_id": "846537035526171", "update_time": "2026-09-14T00:00:00.000Z", "confidence": 0.7636786103248596, "between": null, "provider": "meta", "resource": "meta", "version": "2026-09-14"}, {"property": "/properties/confidence", "dataset": "Overture", "license": "CDLA-Permissive-2.0", "record_id": null, "update_time": "2026-09-17T22:52:12Z", "confidence": null, "between": null, "provider": "overture", "resource": "confidence_calculation", "version": "2026-09-17"}], "release": "2026-09-23.1", "provider": "Overture Maps Foundation"}}, {"type": "Feature", "geometry": {"type": "Point", "coordinates": [5.608452151189474, 6.400025468806249]}, "properties": {"sourceId": "5dfd4692-0291-469e-8f48-e8cdcebd9652", "name": "Victorious Family of Christ Adonai Assembly Inc.", "kind": "place", "sources": [{"property": "", "dataset": "meta", "license": "CDLA-Permissive-2.0", "record_id": "100775784790588", "update_time": "2026-09-14T00:00:00.000Z", "confidence": 0.8209433555603027, "between": null, "provider": "meta", "resource": "meta", "version": "2026-09-14"}, {"property": "/properties/confidence", "dataset": "Overture", "license": "CDLA-Permissive-2.0", "record_id": null, "update_time": "2026-09-17T22:52:12Z", "confidence": null, "between": null, "provider": "overture", "resource": "confidence_calculation", "version": "2026-09-17"}], "release": "2026-09-23.1", "provider": "Overture Maps Foundation"}}, {"type": "Feature", "geometry": {"type": "Point", "coordinates": [5.608452151189474, 6.400025468806249]}, "properties": {"sourceId": "bfd1b813-cd4f-48bd-a9ef-1ea861fe5a9c", "name": "Cyclers Studios", "kind": "place", "sources": [{"property": "", "dataset": "meta", "license": "CDLA-Permissive-2.0", "record_id": "101939748844045", "update_time": "2026-09-14T00:00:00.000Z", "confidence": 0.6100285649299622, "between": null, "provider": "meta", "resource": "meta", "version": "2026-09-14"}, {"property": "/properties/confidence", "dataset": "Overture", "license": "CDLA-Permissive-2.0", "record_id": null, "update_time": "2026-09-17T22:52:12Z", "confidence": null, "between": null, "provider": "overture", "resource": "confidence_calculation", "version": "2026-09-17"}], "release": "2026-09-23.1", "provider": "Overture Maps Foundation"}}, {"type": "Feature", "geometry": {"type": "Point", "coordinates": [5.608452151189474, 6.400025468806249]}, "properties": {"sourceId": "af05d9f1-e516-4026-8e23-5c55719dea8f", "name": "Covenant of Peace Gospel Mission", "kind": "place", "sources": [{"property": "", "dataset": "meta", "license": "CDLA-Permissive-2.0", "record_id": "540027869351734", "update_time": "2026-08-24T00:00:00.000Z", "confidence": 0.5255953073501587, "between": null, "provider": "meta", "resource": "meta", "version": "2026-08-24"}, {"property": "/properties/confidence", "dataset": "Overture", "license": "CDLA-Permissive-2.0", "record_id": null, "update_time": "2026-09-17T22:52:12Z", "confidence": null, "between": null, "provider": "overture", "resource": "confidence_calculation", "version": "2026-09-17"}], "release": "2026-09-23.1", "provider": "Overture Maps Foundation"}}, {"type": "Feature", "geometry": {"type": "Point", "coordinates": [5.60849321, 6.39976892]}, "properties": {"sourceId": "27d3cf1a-52a1-4f2a-b5ea-6c3d434b8053", "name": "NoraBeauty", "kind": "place", "sources": [{"property": "", "dataset": "meta", "license": "CDLA-Permissive-2.0", "record_id": "114571877805200", "update_time": "2026-09-14T00:00:00.000Z", "confidence": 0.18325649201869965, "between": null, "provider": "meta", "resource": "meta", "version": "2026-09-14"}, {"property": "/properties/confidence", "dataset": "Overture", "license": "CDLA-Permissive-2.0", "record_id": null, "update_time": "2026-09-17T22:52:12Z", "confidence": null, "between": null, "provider": "overture", "resource": "confidence_calculation", "version": "2026-09-17"}], "release": "2026-09-23.1", "provider": "Overture Maps Foundation"}}, {"type": "Feature", "geometry": {"type": "Point", "coordinates": [5.60864148, 6.39952131]}, "properties": {"sourceId": "f43285d4-f996-41a7-a11f-8460042a0461", "name": "Nadia Bakery", "kind": "place", "sources": [{"property": "", "dataset": "meta", "license": "CDLA-Permissive-2.0", "record_id": "147387092532682", "update_time": "2026-09-14T00:00:00.000Z", "confidence": 0.8717892169952393, "between": null, "provider": "meta", "resource": "meta", "version": "2026-09-14"}, {"property": "/properties/confidence", "dataset": "Overture", "license": "CDLA-Permissive-2.0", "record_id": null, "update_time": "2026-09-17T22:52:12Z", "confidence": null, "between": null, "provider": "overture", "resource": "confidence_calculation", "version": "2026-09-17"}], "release": "2026-09-23.1", "provider": "Overture Maps Foundation"}}, {"type": "Feature", "geometry": {"type": "Point", "coordinates": [5.60739948, 6.39978543]}, "properties": {"sourceId": "e8b4d0d2-88a6-4749-8a3f-e4fa8ad72656", "name": "Bernice Beddings", "kind": "place", "sources": [{"property": "", "dataset": "meta", "license": "CDLA-Permissive-2.0", "record_id": "108749848242033", "update_time": "2026-09-14T00:00:00.000Z", "confidence": 0.23471097648143768, "between": null, "provider": "meta", "resource": "meta", "version": "2026-09-14"}, {"property": "/properties/confidence", "dataset": "Overture", "license": "CDLA-Permissive-2.0", "record_id": null, "update_time": "2026-09-17T22:52:12Z", "confidence": null, "between": null, "provider": "overture", "resource": "confidence_calculation", "version": "2026-09-17"}], "release": "2026-09-23.1", "provider": "Overture Maps Foundation"}}, {"type": "Feature", "geometry": {"type": "Point", "coordinates": [5.607743400000001, 6.4005048]}, "properties": {"sourceId": "310d961a-b496-43f6-80ac-6f7b9e4b1fdc", "name": "Brooks Hill Assembly", "kind": "place", "sources": [{"property": "", "dataset": "meta", "license": "CDLA-Permissive-2.0", "record_id": "273431666193389", "update_time": "2026-09-14T00:00:00.000Z", "confidence": 0.9685118198394775, "between": null, "provider": "meta", "resource": "meta", "version": "2026-09-14"}, {"property": "/properties/confidence", "dataset": "Overture", "license": "CDLA-Permissive-2.0", "record_id": null, "update_time": "2026-09-17T22:52:12Z", "confidence": null, "between": null, "provider": "overture", "resource": "confidence_calculation", "version": "2026-09-17"}], "release": "2026-09-23.1", "provider": "Overture Maps Foundation"}}, {"type": "Feature", "geometry": {"type": "Point", "coordinates": [5.60580367, 6.40236516]}, "properties": {"sourceId": "0bc335c5-252a-439c-9f3e-a9c9aee61cd4", "name": "Torrent Of The Spirit For All Nation Ministry", "kind": "place", "sources": [{"property": "", "dataset": "meta", "license": "CDLA-Permissive-2.0", "record_id": "112588458148973", "update_time": "2026-09-14T00:00:00.000Z", "confidence": 0.6173621416091919, "between": null, "provider": "meta", "resource": "meta", "version": "2026-09-14"}, {"property": "/properties/confidence", "dataset": "Overture", "license": "CDLA-Permissive-2.0", "record_id": null, "update_time": "2026-09-17T22:52:12Z", "confidence": null, "between": null, "provider": "overture", "resource": "confidence_calculation", "version": "2026-09-17"}], "release": "2026-09-23.1", "provider": "Overture Maps Foundation"}}, {"type": "Feature", "geometry": {"type": "Point", "coordinates": [5.604241625056, 6.3997291433259]}, "properties": {"sourceId": "e6eb1e16-cff2-4c58-a993-87c5490ff1d2", "name": "Golden Tulip Accra", "kind": "place", "sources": [{"property": "", "dataset": "meta", "license": "CDLA-Permissive-2.0", "record_id": "340181476736639", "update_time": "2026-09-14T00:00:00.000Z", "confidence": 0.5262548327445984, "between": null, "provider": "meta", "resource": "meta", "version": "2026-09-14"}, {"property": "/properties/confidence", "dataset": "Overture", "license": "CDLA-Permissive-2.0", "record_id": null, "update_time": "2026-09-17T22:52:12Z", "confidence": null, "between": null, "provider": "overture", "resource": "confidence_calculation", "version": "2026-09-17"}], "release": "2026-09-23.1", "provider": "Overture Maps Foundation"}}, {"type": "Feature", "geometry": {"type": "Point", "coordinates": [5.60537743, 6.40055388]}, "properties": {"sourceId": "3a3e5bce-3104-4ab2-9aa1-0a7ad032c6d4", "name": "K.O Burgers", "kind": "place", "sources": [{"property": "", "dataset": "meta", "license": "CDLA-Permissive-2.0", "record_id": "109188728553617", "update_time": "2026-09-14T00:00:00.000Z", "confidence": 0.3500087559223175, "between": null, "provider": "meta", "resource": "meta", "version": "2026-09-14"}, {"property": "/properties/confidence", "dataset": "Overture", "license": "CDLA-Permissive-2.0", "record_id": null, "update_time": "2026-09-17T22:52:12Z", "confidence": null, "between": null, "provider": "overture", "resource": "confidence_calculation", "version": "2026-09-17"}], "release": "2026-09-23.1", "provider": "Overture Maps Foundation"}}, {"type": "Feature", "geometry": {"type": "Point", "coordinates": [5.6054006, 6.400847100000001]}, "properties": {"sourceId": "ac269928-eacc-49a2-9096-388d51e39868", "name": "Nomagbon Pharmacy", "kind": "place", "sources": [{"property": "", "dataset": "meta", "license": "CDLA-Permissive-2.0", "record_id": "111827200342196", "update_time": "2026-09-14T00:00:00.000Z", "confidence": 0.8422354459762573, "between": null, "provider": "meta", "resource": "meta", "version": "2026-09-14"}, {"property": "/properties/confidence", "dataset": "Overture", "license": "CDLA-Permissive-2.0", "record_id": null, "update_time": "2026-09-17T22:52:12Z", "confidence": null, "between": null, "provider": "overture", "resource": "confidence_calculation", "version": "2026-09-17"}], "release": "2026-09-23.1", "provider": "Overture Maps Foundation"}}, {"type": "Feature", "geometry": {"type": "Point", "coordinates": [5.6047868728638, 6.3953769262703]}, "properties": {"sourceId": "588950ab-e2c8-415b-a172-969f0e61d72c", "name": "Knorac Logistics", "kind": "place", "sources": [{"property": "", "dataset": "meta", "license": "CDLA-Permissive-2.0", "record_id": "219975165427302", "update_time": "2026-09-14T00:00:00.000Z", "confidence": 0.6751853227615356, "between": null, "provider": "meta", "resource": "meta", "version": "2026-09-14"}, {"property": "/properties/confidence", "dataset": "Overture", "license": "CDLA-Permissive-2.0", "record_id": null, "update_time": "2026-09-17T22:52:12Z", "confidence": null, "between": null, "provider": "overture", "resource": "confidence_calculation", "version": "2026-09-17"}], "release": "2026-09-23.1", "provider": "Overture Maps Foundation"}}, {"type": "Feature", "geometry": {"type": "Point", "coordinates": [5.60591991, 6.39085611]}, "properties": {"sourceId": "0b28ae07-79ff-40bc-a073-bb20b017b8df", "name": "Covenant Life Baptist Church", "kind": "place", "sources": [{"property": "", "dataset": "meta", "license": "CDLA-Permissive-2.0", "record_id": "116283395209095", "update_time": "2026-09-14T00:00:00.000Z", "confidence": 0.4785187542438507, "between": null, "provider": "meta", "resource": "meta", "version": "2026-09-14"}, {"property": "/properties/confidence", "dataset": "Overture", "license": "CDLA-Permissive-2.0", "record_id": null, "update_time": "2026-09-17T22:52:12Z", "confidence": null, "between": null, "provider": "overture", "resource": "confidence_calculation", "version": "2026-09-17"}], "release": "2026-09-23.1", "provider": "Overture Maps Foundation"}}, {"type": "Feature", "geometry": {"type": "Point", "coordinates": [5.607801403012, 6.3920214312619]}, "properties": {"sourceId": "26e3a217-c636-456d-a633-3b906b3375df", "name": "Saviour Poultry Hub", "kind": "place", "sources": [{"property": "", "dataset": "meta", "license": "CDLA-Permissive-2.0", "record_id": "1553771944886948", "update_time": "2026-09-14T00:00:00.000Z", "confidence": 0.6986404657363892, "between": null, "provider": "meta", "resource": "meta", "version": "2026-09-14"}, {"property": "/properties/confidence", "dataset": "Overture", "license": "CDLA-Permissive-2.0", "record_id": null, "update_time": "2026-09-17T22:52:12Z", "confidence": null, "between": null, "provider": "overture", "resource": "confidence_calculation", "version": "2026-09-17"}], "release": "2026-09-23.1", "provider": "Overture Maps Foundation"}}, {"type": "Feature", "geometry": {"type": "Point", "coordinates": [5.61055396, 6.39805411]}, "properties": {"sourceId": "a60d09f8-618f-4c55-9597-2e40658e7de2", "name": "Divvys Design", "kind": "place", "sources": [{"property": "", "dataset": "meta", "license": "CDLA-Permissive-2.0", "record_id": "105218215305804", "update_time": "2026-09-14T00:00:00.000Z", "confidence": 0.296664834022522, "between": null, "provider": "meta", "resource": "meta", "version": "2026-09-14"}, {"property": "/properties/confidence", "dataset": "Overture", "license": "CDLA-Permissive-2.0", "record_id": null, "update_time": "2026-09-17T22:52:12Z", "confidence": null, "between": null, "provider": "overture", "resource": "confidence_calculation", "version": "2026-09-17"}], "release": "2026-09-23.1", "provider": "Overture Maps Foundation"}}, {"type": "Feature", "geometry": {"type": "Point", "coordinates": [5.610522, 6.396368]}, "properties": {"sourceId": "cfb44765-9704-477a-9262-81ea1c318185", "name": "Indoor Sports hall", "kind": "place", "sources": [{"property": "", "dataset": "meta", "license": "CDLA-Permissive-2.0", "record_id": "556317107839848", "update_time": "2026-09-14T00:00:00.000Z", "confidence": 0.4942779242992401, "between": null, "provider": "meta", "resource": "meta", "version": "2026-09-14"}, {"property": "/properties/confidence", "dataset": "Overture", "license": "CDLA-Permissive-2.0", "record_id": null, "update_time": "2026-09-17T22:52:12Z", "confidence": null, "between": null, "provider": "overture", "resource": "confidence_calculation", "version": "2026-09-17"}], "release": "2026-09-23.1", "provider": "Overture Maps Foundation"}}, {"type": "Feature", "geometry": {"type": "Point", "coordinates": [5.612981, 6.392092]}, "properties": {"sourceId": "f986b31f-efed-4c11-8b90-b7cde2b64736", "name": "Institute of Health UBTH Ugbowo Benin city", "kind": "place", "sources": [{"property": "", "dataset": "meta", "license": "CDLA-Permissive-2.0", "record_id": "303704126898851", "update_time": "2026-09-14T00:00:00.000Z", "confidence": 0.4880770742893219, "between": null, "provider": "meta", "resource": "meta", "version": "2026-09-14"}, {"property": "/properties/confidence", "dataset": "Overture", "license": "CDLA-Permissive-2.0", "record_id": null, "update_time": "2026-09-17T22:52:12Z", "confidence": null, "between": null, "provider": "overture", "resource": "confidence_calculation", "version": "2026-09-17"}], "release": "2026-09-23.1", "provider": "Overture Maps Foundation"}}, {"type": "Feature", "geometry": {"type": "Point", "coordinates": [5.6129856628619, 6.3919781937579]}, "properties": {"sourceId": "86f9e769-ce0a-4151-96bc-6b13302d2277", "name": "Accident and Emergency (A/E) complex UBTH Ugbowo Benin City", "kind": "place", "sources": [{"property": "", "dataset": "meta", "license": "CDLA-Permissive-2.0", "record_id": "397951377675835", "update_time": "2026-09-14T00:00:00.000Z", "confidence": 0.5118762850761414, "between": null, "provider": "meta", "resource": "meta", "version": "2026-09-14"}, {"property": "/properties/confidence", "dataset": "Overture", "license": "CDLA-Permissive-2.0", "record_id": null, "update_time": "2026-09-17T22:52:12Z", "confidence": null, "between": null, "provider": "overture", "resource": "confidence_calculation", "version": "2026-09-17"}], "release": "2026-09-23.1", "provider": "Overture Maps Foundation"}}, {"type": "Feature", "geometry": {"type": "Point", "coordinates": [5.6129753991453, 6.3919365604276]}, "properties": {"sourceId": "231a330a-a2a0-4416-a0a3-c935b63d11a0", "name": "Radiology Department UBTH ugbowo Benin City", "kind": "place", "sources": [{"property": "", "dataset": "meta", "license": "CDLA-Permissive-2.0", "record_id": "262675237784495", "update_time": "2026-09-14T00:00:00.000Z", "confidence": 0.5268672704696655, "between": null, "provider": "meta", "resource": "meta", "version": "2026-09-14"}, {"property": "/properties/confidence", "dataset": "Overture", "license": "CDLA-Permissive-2.0", "record_id": null, "update_time": "2026-09-17T22:52:12Z", "confidence": null, "between": null, "provider": "overture", "resource": "confidence_calculation", "version": "2026-09-17"}], "release": "2026-09-23.1", "provider": "Overture Maps Foundation"}}, {"type": "Feature", "geometry": {"type": "Point", "coordinates": [5.612869, 6.391962]}, "properties": {"sourceId": "8e3938a8-7927-4555-a9cb-c87d97fa1f25", "name": "Handball court", "kind": "place", "sources": [{"property": "", "dataset": "meta", "license": "CDLA-Permissive-2.0", "record_id": "257015408337182", "update_time": "2026-09-14T00:00:00.000Z", "confidence": 0.3273347318172455, "between": null, "provider": "meta", "resource": "meta", "version": "2026-09-14"}, {"property": "/properties/confidence", "dataset": "Overture", "license": "CDLA-Permissive-2.0", "record_id": null, "update_time": "2026-09-17T22:52:12Z", "confidence": null, "between": null, "provider": "overture", "resource": "confidence_calculation", "version": "2026-09-17"}], "release": "2026-09-23.1", "provider": "Overture Maps Foundation"}}, {"type": "Feature", "geometry": {"type": "Point", "coordinates": [5.6128821202183, 6.3919558438864]}, "properties": {"sourceId": "197364eb-e6b7-4f42-ba64-8f39dae52af7", "name": "UBTH shopping complex", "kind": "place", "sources": [{"property": "", "dataset": "meta", "license": "CDLA-Permissive-2.0", "record_id": "2541647819425467", "update_time": "2026-09-14T00:00:00.000Z", "confidence": 0.7791408896446228, "between": null, "provider": "meta", "resource": "meta", "version": "2026-09-14"}, {"property": "/properties/confidence", "dataset": "Overture", "license": "CDLA-Permissive-2.0", "record_id": null, "update_time": "2026-09-17T22:52:12Z", "confidence": null, "between": null, "provider": "overture", "resource": "confidence_calculation", "version": "2026-09-17"}], "release": "2026-09-23.1", "provider": "Overture Maps Foundation"}}, {"type": "Feature", "geometry": {"type": "Point", "coordinates": [5.6131601463167, 6.3918275799756]}, "properties": {"sourceId": "fe6a88fa-4a8d-470b-9c3a-e14b5b24d465", "name": "Nurses House Restaurant UBTH", "kind": "place", "sources": [{"property": "", "dataset": "meta", "license": "CDLA-Permissive-2.0", "record_id": "317763912349678", "update_time": "2026-09-14T00:00:00.000Z", "confidence": 0.39872729778289795, "between": null, "provider": "meta", "resource": "meta", "version": "2026-09-14"}, {"property": "/properties/confidence", "dataset": "Overture", "license": "CDLA-Permissive-2.0", "record_id": null, "update_time": "2026-09-17T22:52:12Z", "confidence": null, "between": null, "provider": "overture", "resource": "confidence_calculation", "version": "2026-09-17"}], "release": "2026-09-23.1", "provider": "Overture Maps Foundation"}}, {"type": "Feature", "geometry": {"type": "Point", "coordinates": [5.6131755419405, 6.3919637251556]}, "properties": {"sourceId": "357b9e76-b8f4-4d0b-9102-17f5c0415a66", "name": "Nurses House Car Park", "kind": "place", "sources": [{"property": "", "dataset": "meta", "license": "CDLA-Permissive-2.0", "record_id": "182352779311734", "update_time": "2026-09-14T00:00:00.000Z", "confidence": 0.3536267876625061, "between": null, "provider": "meta", "resource": "meta", "version": "2026-09-14"}, {"property": "/properties/confidence", "dataset": "Overture", "license": "CDLA-Permissive-2.0", "record_id": null, "update_time": "2026-09-17T22:52:12Z", "confidence": null, "between": null, "provider": "overture", "resource": "confidence_calculation", "version": "2026-09-17"}], "release": "2026-09-23.1", "provider": "Overture Maps Foundation"}}, {"type": "Feature", "geometry": {"type": "Point", "coordinates": [5.61412864, 6.39118262]}, "properties": {"sourceId": "03229753-5c84-4f40-be22-2bc5779e393d", "name": "Pharmacy", "kind": "place", "sources": [{"property": "", "dataset": "meta", "license": "CDLA-Permissive-2.0", "record_id": "227310390650354", "update_time": "2026-09-14T00:00:00.000Z", "confidence": 0.4839503765106201, "between": null, "provider": "meta", "resource": "meta", "version": "2026-09-14"}, {"property": "/properties/confidence", "dataset": "Overture", "license": "CDLA-Permissive-2.0", "record_id": null, "update_time": "2026-09-17T22:52:12Z", "confidence": null, "between": null, "provider": "overture", "resource": "confidence_calculation", "version": "2026-09-17"}], "release": "2026-09-23.1", "provider": "Overture Maps Foundation"}}, {"type": "Feature", "geometry": {"type": "Point", "coordinates": [5.613822, 6.394029]}, "properties": {"sourceId": "490bb43a-22e9-4630-ba35-0d8c5477e28b", "name": "Faculty of Pharmacy", "kind": "place", "sources": [{"property": "", "dataset": "meta", "license": "CDLA-Permissive-2.0", "record_id": "490325500997448", "update_time": "2026-09-14T00:00:00.000Z", "confidence": 0.42037543654441833, "between": null, "provider": "meta", "resource": "meta", "version": "2026-09-14"}, {"property": "/properties/confidence", "dataset": "Overture", "license": "CDLA-Permissive-2.0", "record_id": null, "update_time": "2026-09-17T22:52:12Z", "confidence": null, "between": null, "provider": "overture", "resource": "confidence_calculation", "version": "2026-09-17"}], "release": "2026-09-23.1", "provider": "Overture Maps Foundation"}}, {"type": "Feature", "geometry": {"type": "Point", "coordinates": [5.6125956428913, 6.392774074133]}, "properties": {"sourceId": "f09f6a1d-9eb4-4ab5-b7f6-34b3d21c83bc", "name": "Dental Complex UBTH Ugbowo Benin City", "kind": "place", "sources": [{"property": "", "dataset": "meta", "license": "CDLA-Permissive-2.0", "record_id": "707647082943491", "update_time": "2026-09-14T00:00:00.000Z", "confidence": 0.48924270272254944, "between": null, "provider": "meta", "resource": "meta", "version": "2026-09-14"}, {"property": "/properties/confidence", "dataset": "Overture", "license": "CDLA-Permissive-2.0", "record_id": null, "update_time": "2026-09-17T22:52:12Z", "confidence": null, "between": null, "provider": "overture", "resource": "confidence_calculation", "version": "2026-09-17"}], "release": "2026-09-23.1", "provider": "Overture Maps Foundation"}}, {"type": "Feature", "geometry": {"type": "Point", "coordinates": [5.613802, 6.394529]}, "properties": {"sourceId": "c2ed4a40-3745-4188-906f-85fe25b98926", "name": "Biochemistry New Building", "kind": "place", "sources": [{"property": "", "dataset": "meta", "license": "CDLA-Permissive-2.0", "record_id": "695239057513258", "update_time": "2026-09-14T00:00:00.000Z", "confidence": 0.5373070240020752, "between": null, "provider": "meta", "resource": "meta", "version": "2026-09-14"}, {"property": "/properties/confidence", "dataset": "Overture", "license": "CDLA-Permissive-2.0", "record_id": null, "update_time": "2026-09-17T22:52:12Z", "confidence": null, "between": null, "provider": "overture", "resource": "confidence_calculation", "version": "2026-09-17"}], "release": "2026-09-23.1", "provider": "Overture Maps Foundation"}}, {"type": "Feature", "geometry": {"type": "Point", "coordinates": [5.6107482149761, 6.3965274818544]}, "properties": {"sourceId": "fe32ed02-3f72-4981-92cc-2d6d65921ca9", "name": "Uniben Shotokan Karate Dojo", "kind": "place", "sources": [{"property": "", "dataset": "meta", "license": "CDLA-Permissive-2.0", "record_id": "277610556424872", "update_time": "2026-09-14T00:00:00.000Z", "confidence": 0.40682488679885864, "between": null, "provider": "meta", "resource": "meta", "version": "2026-09-14"}, {"property": "/properties/confidence", "dataset": "Overture", "license": "CDLA-Permissive-2.0", "record_id": null, "update_time": "2026-09-17T22:52:12Z", "confidence": null, "between": null, "provider": "overture", "resource": "confidence_calculation", "version": "2026-09-17"}], "release": "2026-09-23.1", "provider": "Overture Maps Foundation"}}, {"type": "Feature", "geometry": {"type": "Point", "coordinates": [5.6109945353487, 6.3977105482808]}, "properties": {"sourceId": "e23db99e-7985-47c8-90a9-b374367415ed", "name": "Training Pitch, Sports complex", "kind": "place", "sources": [{"property": "", "dataset": "meta", "license": "CDLA-Permissive-2.0", "record_id": "557969311318765", "update_time": "2026-09-14T00:00:00.000Z", "confidence": 0.5508561730384827, "between": null, "provider": "meta", "resource": "meta", "version": "2026-09-14"}, {"property": "/properties/confidence", "dataset": "Overture", "license": "CDLA-Permissive-2.0", "record_id": null, "update_time": "2026-09-17T22:52:12Z", "confidence": null, "between": null, "provider": "overture", "resource": "confidence_calculation", "version": "2026-09-17"}], "release": "2026-09-23.1", "provider": "Overture Maps Foundation"}}, {"type": "Feature", "geometry": {"type": "Point", "coordinates": [5.61115449, 6.39906267]}, "properties": {"sourceId": "6734e9cf-78d2-4053-be4d-7499f79cdd59", "name": "Uniben Sport Complex", "kind": "place", "sources": [{"property": "", "dataset": "meta", "license": "CDLA-Permissive-2.0", "record_id": "1028765000638134", "update_time": "2026-09-14T00:00:00.000Z", "confidence": 0.5236808061599731, "between": null, "provider": "meta", "resource": "meta", "version": "2026-09-14"}, {"property": "/properties/confidence", "dataset": "Overture", "license": "CDLA-Permissive-2.0", "record_id": null, "update_time": "2026-09-17T22:52:12Z", "confidence": null, "between": null, "provider": "overture", "resource": "confidence_calculation", "version": "2026-09-17"}], "release": "2026-09-23.1", "provider": "Overture Maps Foundation"}}, {"type": "Feature", "geometry": {"type": "Point", "coordinates": [5.61189517, 6.40091029]}, "properties": {"sourceId": "fb6f4db5-1041-42b4-8ad5-0b5dd00e06b9", "name": "All Saints Chapel", "kind": "place", "sources": [{"property": "", "dataset": "meta", "license": "CDLA-Permissive-2.0", "record_id": "170857756439458", "update_time": "2026-09-14T00:00:00.000Z", "confidence": 0.9660280346870422, "between": null, "provider": "meta", "resource": "meta", "version": "2026-09-14"}, {"property": "/properties/confidence", "dataset": "Overture", "license": "CDLA-Permissive-2.0", "record_id": null, "update_time": "2026-09-17T22:52:12Z", "confidence": null, "between": null, "provider": "overture", "resource": "confidence_calculation", "version": "2026-09-17"}], "release": "2026-09-23.1", "provider": "Overture Maps Foundation"}}, {"type": "Feature", "geometry": {"type": "Point", "coordinates": [5.6120553, 6.400892484585]}, "properties": {"sourceId": "ae027ea8-abb9-4a99-b11d-1074cf773075", "name": "CARZONE.ng", "kind": "place", "sources": [{"property": "", "dataset": "meta", "license": "CDLA-Permissive-2.0", "record_id": "1884814844967768", "update_time": "2026-09-14T00:00:00.000Z", "confidence": 0.23792631924152374, "between": null, "provider": "meta", "resource": "meta", "version": "2026-09-14"}, {"property": "/properties/confidence", "dataset": "Overture", "license": "CDLA-Permissive-2.0", "record_id": null, "update_time": "2026-09-17T22:52:12Z", "confidence": null, "between": null, "provider": "overture", "resource": "confidence_calculation", "version": "2026-09-17"}], "release": "2026-09-23.1", "provider": "Overture Maps Foundation"}}, {"type": "Feature", "geometry": {"type": "Point", "coordinates": [5.6119271, 6.40167455]}, "properties": {"sourceId": "995bec26-d433-4b89-8a91-b723993577f1", "name": "St. Albert Catholic Church", "kind": "place", "sources": [{"property": "", "dataset": "meta", "license": "CDLA-Permissive-2.0", "record_id": "114033070774188", "update_time": "2026-09-14T00:00:00.000Z", "confidence": 0.9124799370765686, "between": null, "provider": "meta", "resource": "meta", "version": "2026-09-14"}, {"property": "/properties/confidence", "dataset": "Overture", "license": "CDLA-Permissive-2.0", "record_id": null, "update_time": "2026-09-17T22:52:12Z", "confidence": null, "between": null, "provider": "overture", "resource": "confidence_calculation", "version": "2026-09-17"}], "release": "2026-09-23.1", "provider": "Overture Maps Foundation"}}, {"type": "Feature", "geometry": {"type": "Point", "coordinates": [5.61139826, 6.40253567]}, "properties": {"sourceId": "6f7d5cb3-e94c-4231-8af8-75b20015a7f6", "name": "Uniben Central Mosque", "kind": "place", "sources": [{"property": "", "dataset": "meta", "license": "CDLA-Permissive-2.0", "record_id": "1033474463500884", "update_time": "2026-09-14T00:00:00.000Z", "confidence": 0.667969822883606, "between": null, "provider": "meta", "resource": "meta", "version": "2026-09-14"}, {"property": "/properties/confidence", "dataset": "Overture", "license": "CDLA-Permissive-2.0", "record_id": null, "update_time": "2026-09-17T22:52:12Z", "confidence": null, "between": null, "provider": "overture", "resource": "confidence_calculation", "version": "2026-09-17"}], "release": "2026-09-23.1", "provider": "Overture Maps Foundation"}}, {"type": "Feature", "geometry": {"type": "Point", "coordinates": [5.61202, 6.40283]}, "properties": {"sourceId": "e0ba32f6-e954-4c42-8f2a-b6c52ee27500", "name": "Zitonappycares", "kind": "place", "sources": [{"property": "", "dataset": "meta", "license": "CDLA-Permissive-2.0", "record_id": "100526875198077", "update_time": "2026-09-14T00:00:00.000Z", "confidence": 0.32055315375328064, "between": null, "provider": "meta", "resource": "meta", "version": "2026-09-14"}, {"property": "/properties/confidence", "dataset": "Overture", "license": "CDLA-Permissive-2.0", "record_id": null, "update_time": "2026-09-17T22:52:12Z", "confidence": null, "between": null, "provider": "overture", "resource": "confidence_calculation", "version": "2026-09-17"}], "release": "2026-09-23.1", "provider": "Overture Maps Foundation"}}, {"type": "Feature", "geometry": {"type": "Point", "coordinates": [5.61202, 6.40283]}, "properties": {"sourceId": "d4e06717-5d00-4282-a703-e9fe56020976", "name": "Unique Autos", "kind": "place", "sources": [{"property": "", "dataset": "meta", "license": "CDLA-Permissive-2.0", "record_id": "113393808458539", "update_time": "2026-09-14T00:00:00.000Z", "confidence": 0.5788879990577698, "between": null, "provider": "meta", "resource": "meta", "version": "2026-09-14"}, {"property": "/properties/confidence", "dataset": "Overture", "license": "CDLA-Permissive-2.0", "record_id": null, "update_time": "2026-09-17T22:52:12Z", "confidence": null, "between": null, "provider": "overture", "resource": "confidence_calculation", "version": "2026-09-17"}], "release": "2026-09-23.1", "provider": "Overture Maps Foundation"}}, {"type": "Feature", "geometry": {"type": "Point", "coordinates": [5.61202, 6.40283]}, "properties": {"sourceId": "e299b67f-ad1f-4f06-b98c-7d58eaf85c91", "name": "Kefaswhite Ministries", "kind": "place", "sources": [{"property": "", "dataset": "meta", "license": "CDLA-Permissive-2.0", "record_id": "109068738277869", "update_time": "2026-08-24T00:00:00.000Z", "confidence": 0.521228015422821, "between": null, "provider": "meta", "resource": "meta", "version": "2026-08-24"}, {"property": "/properties/confidence", "dataset": "Overture", "license": "CDLA-Permissive-2.0", "record_id": null, "update_time": "2026-09-17T22:52:12Z", "confidence": null, "between": null, "provider": "overture", "resource": "confidence_calculation", "version": "2026-09-17"}], "release": "2026-09-23.1", "provider": "Overture Maps Foundation"}}, {"type": "Feature", "geometry": {"type": "Point", "coordinates": [5.61202, 6.40283]}, "properties": {"sourceId": "af54f71c-b2e4-4b14-bba0-836f6c581aaa", "name": "University of Benin, Physics Department", "kind": "place", "sources": [{"property": "", "dataset": "meta", "license": "CDLA-Permissive-2.0", "record_id": "290778225148572", "update_time": "2026-08-24T00:00:00.000Z", "confidence": 0.526816725730896, "between": null, "provider": "meta", "resource": "meta", "version": "2026-08-24"}, {"property": "/properties/confidence", "dataset": "Overture", "license": "CDLA-Permissive-2.0", "record_id": null, "update_time": "2026-09-17T22:52:12Z", "confidence": null, "between": null, "provider": "overture", "resource": "confidence_calculation", "version": "2026-09-17"}], "release": "2026-09-23.1", "provider": "Overture Maps Foundation"}}, {"type": "Feature", "geometry": {"type": "Point", "coordinates": [5.61202, 6.40283]}, "properties": {"sourceId": "b0690adf-a2ed-46e9-8209-590a9fc93b12", "name": "Esty Yum-Meals Kitchen", "kind": "place", "sources": [{"property": "", "dataset": "meta", "license": "CDLA-Permissive-2.0", "record_id": "116978624603004", "update_time": "2026-08-24T00:00:00.000Z", "confidence": 0.1614905595779419, "between": null, "provider": "meta", "resource": "meta", "version": "2026-08-24"}, {"property": "/properties/confidence", "dataset": "Overture", "license": "CDLA-Permissive-2.0", "record_id": null, "update_time": "2026-09-17T22:52:12Z", "confidence": null, "between": null, "provider": "overture", "resource": "confidence_calculation", "version": "2026-09-17"}], "release": "2026-09-23.1", "provider": "Overture Maps Foundation"}}, {"type": "Feature", "geometry": {"type": "Point", "coordinates": [5.61202, 6.40283]}, "properties": {"sourceId": "39fb8fbf-55d8-4584-ba54-bc0b3ea81598", "name": "CAMP DAVID Prayer Platform ", "kind": "place", "sources": [{"property": "", "dataset": "meta", "license": "CDLA-Permissive-2.0", "record_id": "101730409254363", "update_time": "2026-09-14T00:00:00.000Z", "confidence": 0.5746105313301086, "between": null, "provider": "meta", "resource": "meta", "version": "2026-09-14"}, {"property": "/properties/confidence", "dataset": "Overture", "license": "CDLA-Permissive-2.0", "record_id": null, "update_time": "2026-09-17T22:52:12Z", "confidence": null, "between": null, "provider": "overture", "resource": "confidence_calculation", "version": "2026-09-17"}], "release": "2026-09-23.1", "provider": "Overture Maps Foundation"}}, {"type": "Feature", "geometry": {"type": "Point", "coordinates": [5.61202, 6.40283]}, "properties": {"sourceId": "99709903-f737-49d7-8f94-e6c10ccd2c82", "name": "Dani’s Kitchen", "kind": "place", "sources": [{"property": "", "dataset": "meta", "license": "CDLA-Permissive-2.0", "record_id": "340899605776375", "update_time": "2026-08-24T00:00:00.000Z", "confidence": 0.1868284046649933, "between": null, "provider": "meta", "resource": "meta", "version": "2026-08-24"}, {"property": "/properties/confidence", "dataset": "Overture", "license": "CDLA-Permissive-2.0", "record_id": null, "update_time": "2026-09-17T22:52:12Z", "confidence": null, "between": null, "provider": "overture", "resource": "confidence_calculation", "version": "2026-09-17"}], "release": "2026-09-23.1", "provider": "Overture Maps Foundation"}}, {"type": "Feature", "geometry": {"type": "Point", "coordinates": [5.611939, 6.403083]}, "properties": {"sourceId": "85c1ffd8-3e93-46e1-9c94-7e27f74a4ab0", "name": "Hall 2", "kind": "place", "sources": [{"property": "", "dataset": "meta", "license": "CDLA-Permissive-2.0", "record_id": "703047593403755", "update_time": "2026-09-14T00:00:00.000Z", "confidence": 0.5814781188964844, "between": null, "provider": "meta", "resource": "meta", "version": "2026-09-14"}, {"property": "/properties/confidence", "dataset": "Overture", "license": "CDLA-Permissive-2.0", "record_id": null, "update_time": "2026-09-17T22:52:12Z", "confidence": null, "between": null, "provider": "overture", "resource": "confidence_calculation", "version": "2026-09-17"}], "release": "2026-09-23.1", "provider": "Overture Maps Foundation"}}, {"type": "Feature", "geometry": {"type": "Point", "coordinates": [5.61413093, 6.40122467]}, "properties": {"sourceId": "ef6b5284-b5f3-4d7b-9525-db87a5b9dacc", "name": "Vice Chancellors Office", "kind": "place", "sources": [{"property": "", "dataset": "meta", "license": "CDLA-Permissive-2.0", "record_id": "215574195208171", "update_time": "2026-09-14T00:00:00.000Z", "confidence": 0.46479761600494385, "between": null, "provider": "meta", "resource": "meta", "version": "2026-09-14"}, {"property": "/properties/confidence", "dataset": "Overture", "license": "CDLA-Permissive-2.0", "record_id": null, "update_time": "2026-09-17T22:52:12Z", "confidence": null, "between": null, "provider": "overture", "resource": "confidence_calculation", "version": "2026-09-17"}], "release": "2026-09-23.1", "provider": "Overture Maps Foundation"}}, {"type": "Feature", "geometry": {"type": "Point", "coordinates": [5.61369969, 6.39995242]}, "properties": {"sourceId": "d3ca1fd0-4772-4723-9aa0-690e416986d5", "name": "Akin Deko Auditorium", "kind": "place", "sources": [{"property": "", "dataset": "meta", "license": "CDLA-Permissive-2.0", "record_id": "130585673815675", "update_time": "2026-09-14T00:00:00.000Z", "confidence": 0.5293411612510681, "between": null, "provider": "meta", "resource": "meta", "version": "2026-09-14"}, {"property": "/properties/confidence", "dataset": "Overture", "license": "CDLA-Permissive-2.0", "record_id": null, "update_time": "2026-09-17T22:52:12Z", "confidence": null, "between": null, "provider": "overture", "resource": "confidence_calculation", "version": "2026-09-17"}], "release": "2026-09-23.1", "provider": "Overture Maps Foundation"}}, {"type": "Feature", "geometry": {"type": "Point", "coordinates": [5.61361533, 6.40003964]}, "properties": {"sourceId": "824bf40f-d8e0-4cd8-9b85-fcb9aef057ff", "name": "CFi Uniben/UBTH", "kind": "place", "sources": [{"property": "", "dataset": "meta", "license": "CDLA-Permissive-2.0", "record_id": "1574800572749448", "update_time": "2026-09-14T00:00:00.000Z", "confidence": 0.8618625402450562, "between": null, "provider": "meta", "resource": "meta", "version": "2026-09-14"}, {"property": "/properties/confidence", "dataset": "Overture", "license": "CDLA-Permissive-2.0", "record_id": null, "update_time": "2026-09-17T22:52:12Z", "confidence": null, "between": null, "provider": "overture", "resource": "confidence_calculation", "version": "2026-09-17"}], "release": "2026-09-23.1", "provider": "Overture Maps Foundation"}}, {"type": "Feature", "geometry": {"type": "Point", "coordinates": [5.61561639, 6.4018373]}, "properties": {"sourceId": "66a6d230-2716-4575-b3cf-933e189fc082", "name": "Faculty of Engineering", "kind": "place", "sources": [{"property": "", "dataset": "meta", "license": "CDLA-Permissive-2.0", "record_id": "1070021229840622", "update_time": "2026-09-14T00:00:00.000Z", "confidence": 0.7113839387893677, "between": null, "provider": "meta", "resource": "meta", "version": "2026-09-14"}, {"property": "/properties/confidence", "dataset": "Overture", "license": "CDLA-Permissive-2.0", "record_id": null, "update_time": "2026-09-17T22:52:12Z", "confidence": null, "between": null, "provider": "overture", "resource": "confidence_calculation", "version": "2026-09-17"}], "release": "2026-09-23.1", "provider": "Overture Maps Foundation"}}, {"type": "Feature", "geometry": {"type": "Point", "coordinates": [5.61639786, 6.40498027]}, "properties": {"sourceId": "b51f9802-4949-4afa-89c8-627ef40cfe17", "name": "A39 senior staff quarters UNIBEN", "kind": "place", "sources": [{"property": "", "dataset": "meta", "license": "CDLA-Permissive-2.0", "record_id": "252133438223684", "update_time": "2026-09-14T00:00:00.000Z", "confidence": 0.3310697674751282, "between": null, "provider": "meta", "resource": "meta", "version": "2026-09-14"}, {"property": "/properties/confidence", "dataset": "Overture", "license": "CDLA-Permissive-2.0", "record_id": null, "update_time": "2026-09-17T22:52:12Z", "confidence": null, "between": null, "provider": "overture", "resource": "confidence_calculation", "version": "2026-09-17"}], "release": "2026-09-23.1", "provider": "Overture Maps Foundation"}}, {"type": "Feature", "geometry": {"type": "Point", "coordinates": [5.61785392, 6.39543497]}, "properties": {"sourceId": "b8ed4bfe-17c0-4c26-849d-dc79456ee35b", "name": "NDDC Hostel, UNIBEN", "kind": "place", "sources": [{"property": "", "dataset": "meta", "license": "CDLA-Permissive-2.0", "record_id": "606248036131329", "update_time": "2026-09-14T00:00:00.000Z", "confidence": 0.4098932445049286, "between": null, "provider": "meta", "resource": "meta", "version": "2026-09-14"}, {"property": "/properties/confidence", "dataset": "Overture", "license": "CDLA-Permissive-2.0", "record_id": null, "update_time": "2026-09-17T22:52:12Z", "confidence": null, "between": null, "provider": "overture", "resource": "confidence_calculation", "version": "2026-09-17"}], "release": "2026-09-23.1", "provider": "Overture Maps Foundation"}}, {"type": "Feature", "geometry": {"type": "Point", "coordinates": [5.6174916071994, 6.3957295670581]}, "properties": {"sourceId": "492aa890-b803-4aad-9812-cfa5d6adfe49", "name": "hall 4", "kind": "place", "sources": [{"property": "", "dataset": "meta", "license": "CDLA-Permissive-2.0", "record_id": "193662311544300", "update_time": "2026-09-14T00:00:00.000Z", "confidence": 0.3500083386898041, "between": null, "provider": "meta", "resource": "meta", "version": "2026-09-14"}, {"property": "/properties/confidence", "dataset": "Overture", "license": "CDLA-Permissive-2.0", "record_id": null, "update_time": "2026-09-17T22:52:12Z", "confidence": null, "between": null, "provider": "overture", "resource": "confidence_calculation", "version": "2026-09-17"}], "release": "2026-09-23.1", "provider": "Overture Maps Foundation"}}, {"type": "Feature", "geometry": {"type": "Point", "coordinates": [5.616969767002071, 6.396310669815933]}, "properties": {"sourceId": "0989bd0b-85ef-4045-8e20-92c9106686c5", "name": "Main Library", "kind": "place", "sources": [{"property": "", "dataset": "meta", "license": "CDLA-Permissive-2.0", "record_id": "355131517868155", "update_time": "2026-09-14T00:00:00.000Z", "confidence": 0.6224333047866821, "between": null, "provider": "meta", "resource": "meta", "version": "2026-09-14"}, {"property": "/properties/confidence", "dataset": "Overture", "license": "CDLA-Permissive-2.0", "record_id": null, "update_time": "2026-09-17T22:52:12Z", "confidence": null, "between": null, "provider": "overture", "resource": "confidence_calculation", "version": "2026-09-17"}], "release": "2026-09-23.1", "provider": "Overture Maps Foundation"}}, {"type": "Feature", "geometry": {"type": "Point", "coordinates": [5.61717322, 6.39514446]}, "properties": {"sourceId": "c9bbf314-d379-4c71-afb4-a47449198ad6", "name": "Uniben Clinical Hostel", "kind": "place", "sources": [{"property": "", "dataset": "meta", "license": "CDLA-Permissive-2.0", "record_id": "353230971389648", "update_time": "2026-09-14T00:00:00.000Z", "confidence": 0.5643575191497803, "between": null, "provider": "meta", "resource": "meta", "version": "2026-09-14"}, {"property": "/properties/confidence", "dataset": "Overture", "license": "CDLA-Permissive-2.0", "record_id": null, "update_time": "2026-09-17T22:52:12Z", "confidence": null, "between": null, "provider": "overture", "resource": "confidence_calculation", "version": "2026-09-17"}], "release": "2026-09-23.1", "provider": "Overture Maps Foundation"}}, {"type": "Feature", "geometry": {"type": "Point", "coordinates": [5.616995539997471, 6.3946472200052575]}, "properties": {"sourceId": "e74e5820-168e-45b3-a7a7-d9a0a0015298", "name": "University of Benin School of Medicine, Benin City", "kind": "place", "sources": [{"property": "", "dataset": "meta", "license": "CDLA-Permissive-2.0", "record_id": "323063784735040", "update_time": "2026-09-14T00:00:00.000Z", "confidence": 0.7394624352455139, "between": null, "provider": "meta", "resource": "meta", "version": "2026-09-14"}, {"property": "/properties/confidence", "dataset": "Overture", "license": "CDLA-Permissive-2.0", "record_id": null, "update_time": "2026-09-17T22:52:12Z", "confidence": null, "between": null, "provider": "overture", "resource": "confidence_calculation", "version": "2026-09-17"}], "release": "2026-09-23.1", "provider": "Overture Maps Foundation"}}, {"type": "Feature", "geometry": {"type": "Point", "coordinates": [5.61577475, 6.3930901]}, "properties": {"sourceId": "1daa757b-3027-4e94-bbc5-bc7176fb5119", "name": "Nurses' Hostel Complex, University of Benin Teaching Hospital", "kind": "place", "sources": [{"property": "", "dataset": "meta", "license": "CDLA-Permissive-2.0", "record_id": "273784822739302", "update_time": "2026-09-14T00:00:00.000Z", "confidence": 0.5004122257232666, "between": null, "provider": "meta", "resource": "meta", "version": "2026-09-14"}, {"property": "/properties/confidence", "dataset": "Overture", "license": "CDLA-Permissive-2.0", "record_id": null, "update_time": "2026-09-17T22:52:12Z", "confidence": null, "between": null, "provider": "overture", "resource": "confidence_calculation", "version": "2026-09-17"}], "release": "2026-09-23.1", "provider": "Overture Maps Foundation"}}, {"type": "Feature", "geometry": {"type": "Point", "coordinates": [5.61375936, 6.38838226]}, "properties": {"sourceId": "2c56c5c3-3a32-4a91-a680-f9b3394f9610", "name": "UBTH General Practice Clinic", "kind": "place", "sources": [{"property": "", "dataset": "meta", "license": "CDLA-Permissive-2.0", "record_id": "621471024994483", "update_time": "2026-09-14T00:00:00.000Z", "confidence": 0.616393506526947, "between": null, "provider": "meta", "resource": "meta", "version": "2026-09-14"}, {"property": "/properties/confidence", "dataset": "Overture", "license": "CDLA-Permissive-2.0", "record_id": null, "update_time": "2026-09-17T22:52:12Z", "confidence": null, "between": null, "provider": "overture", "resource": "confidence_calculation", "version": "2026-09-17"}], "release": "2026-09-23.1", "provider": "Overture Maps Foundation"}}, {"type": "Feature", "geometry": {"type": "Point", "coordinates": [5.61100245, 6.39010232]}, "properties": {"sourceId": "bcf1abdc-8844-43ef-bf68-b16d7116b784", "name": "University of Benin Teaching Hospital", "kind": "place", "sources": [{"property": "", "dataset": "meta", "license": "CDLA-Permissive-2.0", "record_id": "1838508076233137", "update_time": "2026-09-14T00:00:00.000Z", "confidence": 0.9754605889320374, "between": null, "provider": "meta", "resource": "meta", "version": "2026-09-14"}, {"property": "/properties/confidence", "dataset": "Overture", "license": "CDLA-Permissive-2.0", "record_id": null, "update_time": "2026-09-17T22:52:12Z", "confidence": null, "between": null, "provider": "overture", "resource": "confidence_calculation", "version": "2026-09-17"}], "release": "2026-09-23.1", "provider": "Overture Maps Foundation"}}, {"type": "Feature", "geometry": {"type": "Point", "coordinates": [5.60856, 6.38641]}, "properties": {"sourceId": "d5a23578-9345-4fc4-a9e0-02d4e9d76b38", "name": "RCCG KINGS MEGA Parish", "kind": "place", "sources": [{"property": "", "dataset": "meta", "license": "CDLA-Permissive-2.0", "record_id": "102189378100353", "update_time": "2026-09-14T00:00:00.000Z", "confidence": 0.5902581214904785, "between": null, "provider": "meta", "resource": "meta", "version": "2026-09-14"}, {"property": "/properties/confidence", "dataset": "Overture", "license": "CDLA-Permissive-2.0", "record_id": null, "update_time": "2026-09-17T22:52:12Z", "confidence": null, "between": null, "provider": "overture", "resource": "confidence_calculation", "version": "2026-09-17"}], "release": "2026-09-23.1", "provider": "Overture Maps Foundation"}}, {"type": "Feature", "geometry": {"type": "Point", "coordinates": [5.60984617, 6.38619442]}, "properties": {"sourceId": "f90a2b8a-32d3-487b-a473-ff4d643222e4", "name": "LifeTime Gym", "kind": "place", "sources": [{"property": "", "dataset": "meta", "license": "CDLA-Permissive-2.0", "record_id": "158832191346266", "update_time": "2026-09-14T00:00:00.000Z", "confidence": 0.37779903411865234, "between": null, "provider": "meta", "resource": "meta", "version": "2026-09-14"}, {"property": "/properties/confidence", "dataset": "Overture", "license": "CDLA-Permissive-2.0", "record_id": null, "update_time": "2026-09-17T22:52:12Z", "confidence": null, "between": null, "provider": "overture", "resource": "confidence_calculation", "version": "2026-09-17"}], "release": "2026-09-23.1", "provider": "Overture Maps Foundation"}}, {"type": "Feature", "geometry": {"type": "Point", "coordinates": [5.6092834, 6.38628445]}, "properties": {"sourceId": "ac395fc4-819a-4783-b151-a636d95ffd92", "name": "Flowell Shopping Mall", "kind": "place", "sources": [{"property": "", "dataset": "meta", "license": "CDLA-Permissive-2.0", "record_id": "1803685076619862", "update_time": "2026-09-14T00:00:00.000Z", "confidence": 0.9422014355659485, "between": null, "provider": "meta", "resource": "meta", "version": "2026-09-14"}, {"property": "/properties/confidence", "dataset": "Overture", "license": "CDLA-Permissive-2.0", "record_id": null, "update_time": "2026-09-17T22:52:12Z", "confidence": null, "between": null, "provider": "overture", "resource": "confidence_calculation", "version": "2026-09-17"}], "release": "2026-09-23.1", "provider": "Overture Maps Foundation"}}, {"type": "Feature", "geometry": {"type": "Point", "coordinates": [5.60941, 6.38801]}, "properties": {"sourceId": "0e8b0bb7-c2e8-46d5-99f6-23b0da2e5d7a", "name": "Coach Borah", "kind": "place", "sources": [{"property": "", "dataset": "meta", "license": "CDLA-Permissive-2.0", "record_id": "139760645878467", "update_time": "2026-09-14T00:00:00.000Z", "confidence": 0.20378801226615906, "between": null, "provider": "meta", "resource": "meta", "version": "2026-09-14"}, {"property": "/properties/confidence", "dataset": "Overture", "license": "CDLA-Permissive-2.0", "record_id": null, "update_time": "2026-09-17T22:52:12Z", "confidence": null, "between": null, "provider": "overture", "resource": "confidence_calculation", "version": "2026-09-17"}], "release": "2026-09-23.1", "provider": "Overture Maps Foundation"}}, {"type": "Feature", "geometry": {"type": "Point", "coordinates": [5.60950781, 6.38679165]}, "properties": {"sourceId": "86726fea-c6d3-4e79-9e57-54fca712e74f", "name": "Brave studios", "kind": "place", "sources": [{"property": "", "dataset": "meta", "license": "CDLA-Permissive-2.0", "record_id": "103590917769974", "update_time": "2026-09-14T00:00:00.000Z", "confidence": 0.22347745299339294, "between": null, "provider": "meta", "resource": "meta", "version": "2026-09-14"}, {"property": "/properties/confidence", "dataset": "Overture", "license": "CDLA-Permissive-2.0", "record_id": null, "update_time": "2026-09-17T22:52:12Z", "confidence": null, "between": null, "provider": "overture", "resource": "confidence_calculation", "version": "2026-09-17"}], "release": "2026-09-23.1", "provider": "Overture Maps Foundation"}}, {"type": "Feature", "geometry": {"type": "Point", "coordinates": [5.6088, 6.38875]}, "properties": {"sourceId": "2857e679-e649-4811-9bc7-fb885e2d535b", "name": "Mls/Ysa Nig. Benin City.CC", "kind": "place", "sources": [{"property": "", "dataset": "meta", "license": "CDLA-Permissive-2.0", "record_id": "100157846127479", "update_time": "2026-09-14T00:00:00.000Z", "confidence": 0.642849326133728, "between": null, "provider": "meta", "resource": "meta", "version": "2026-09-14"}, {"property": "/properties/confidence", "dataset": "Overture", "license": "CDLA-Permissive-2.0", "record_id": null, "update_time": "2026-09-17T22:52:12Z", "confidence": null, "between": null, "provider": "overture", "resource": "confidence_calculation", "version": "2026-09-17"}], "release": "2026-09-23.1", "provider": "Overture Maps Foundation"}}, {"type": "Feature", "geometry": {"type": "Point", "coordinates": [5.603832652187306, 6.38649100040101]}, "properties": {"sourceId": "3b8b77fb-be3e-4d6c-8280-a02e422d2187", "name": "Questers Field Int'l Ministry", "kind": "place", "sources": [{"property": "", "dataset": "meta", "license": "CDLA-Permissive-2.0", "record_id": "301606587190843", "update_time": "2026-09-14T00:00:00.000Z", "confidence": 0.6114839315414429, "between": null, "provider": "meta", "resource": "meta", "version": "2026-09-14"}, {"property": "/properties/confidence", "dataset": "Overture", "license": "CDLA-Permissive-2.0", "record_id": null, "update_time": "2026-09-17T22:52:12Z", "confidence": null, "between": null, "provider": "overture", "resource": "confidence_calculation", "version": "2026-09-17"}], "release": "2026-09-23.1", "provider": "Overture Maps Foundation"}}, {"type": "Feature", "geometry": {"type": "Point", "coordinates": [5.603832652187306, 6.38649100040101]}, "properties": {"sourceId": "149938b3-a59f-48f0-b178-9fe9430bd7fe", "name": "The Preserve Church Of GOD International INC", "kind": "place", "sources": [{"property": "", "dataset": "meta", "license": "CDLA-Permissive-2.0", "record_id": "1604385816534900", "update_time": "2026-09-14T00:00:00.000Z", "confidence": 0.6477240324020386, "between": null, "provider": "meta", "resource": "meta", "version": "2026-09-14"}, {"property": "/properties/confidence", "dataset": "Overture", "license": "CDLA-Permissive-2.0", "record_id": null, "update_time": "2026-09-17T22:52:12Z", "confidence": null, "between": null, "provider": "overture", "resource": "confidence_calculation", "version": "2026-09-17"}], "release": "2026-09-23.1", "provider": "Overture Maps Foundation"}}, {"type": "Feature", "geometry": {"type": "Point", "coordinates": [5.603832652187306, 6.38649100040101]}, "properties": {"sourceId": "6e96fea1-2435-4bd9-b616-1b6334fa19f9", "name": "Ebenzable Medical Home and Pharmacy", "kind": "place", "sources": [{"property": "", "dataset": "meta", "license": "CDLA-Permissive-2.0", "record_id": "115898318248921", "update_time": "2026-09-14T00:00:00.000Z", "confidence": 0.5688457489013672, "between": null, "provider": "meta", "resource": "meta", "version": "2026-09-14"}, {"property": "/properties/confidence", "dataset": "Overture", "license": "CDLA-Permissive-2.0", "record_id": null, "update_time": "2026-09-17T22:52:12Z", "confidence": null, "between": null, "provider": "overture", "resource": "confidence_calculation", "version": "2026-09-17"}], "release": "2026-09-23.1", "provider": "Overture Maps Foundation"}}, {"type": "Feature", "geometry": {"type": "Point", "coordinates": [5.603832652187306, 6.38649100040101]}, "properties": {"sourceId": "c130cb30-be97-4a25-9215-7fb1eeccee13", "name": "New Song Army Of The Lord Ministry", "kind": "place", "sources": [{"property": "", "dataset": "meta", "license": "CDLA-Permissive-2.0", "record_id": "102700851077278", "update_time": "2026-08-24T00:00:00.000Z", "confidence": 0.5210869908332825, "between": null, "provider": "meta", "resource": "meta", "version": "2026-08-24"}, {"property": "/properties/confidence", "dataset": "Overture", "license": "CDLA-Permissive-2.0", "record_id": null, "update_time": "2026-09-17T22:52:12Z", "confidence": null, "between": null, "provider": "overture", "resource": "confidence_calculation", "version": "2026-09-17"}], "release": "2026-09-23.1", "provider": "Overture Maps Foundation"}}, {"type": "Feature", "geometry": {"type": "Point", "coordinates": [5.603832652187306, 6.38649100040101]}, "properties": {"sourceId": "5ccfa221-a065-416f-9ff7-bd748ec6a3ae", "name": "Assemblies Of God Church Ahunwan branch", "kind": "place", "sources": [{"property": "", "dataset": "meta", "license": "CDLA-Permissive-2.0", "record_id": "108985007374379", "update_time": "2026-09-14T00:00:00.000Z", "confidence": 0.7873134016990662, "between": null, "provider": "meta", "resource": "meta", "version": "2026-09-14"}, {"property": "/properties/confidence", "dataset": "Overture", "license": "CDLA-Permissive-2.0", "record_id": null, "update_time": "2026-09-17T22:52:12Z", "confidence": null, "between": null, "provider": "overture", "resource": "confidence_calculation", "version": "2026-09-17"}], "release": "2026-09-23.1", "provider": "Overture Maps Foundation"}}, {"type": "Feature", "geometry": {"type": "Point", "coordinates": [5.603832652187306, 6.38649100040101]}, "properties": {"sourceId": "c9449aa6-af5b-482c-aded-e6ce177c1c36", "name": "Calvary Christian Bible Church", "kind": "place", "sources": [{"property": "", "dataset": "meta", "license": "CDLA-Permissive-2.0", "record_id": "103628875561840", "update_time": "2026-09-14T00:00:00.000Z", "confidence": 0.5550298690795898, "between": null, "provider": "meta", "resource": "meta", "version": "2026-09-14"}, {"property": "/properties/confidence", "dataset": "Overture", "license": "CDLA-Permissive-2.0", "record_id": null, "update_time": "2026-09-17T22:52:12Z", "confidence": null, "between": null, "provider": "overture", "resource": "confidence_calculation", "version": "2026-09-17"}], "release": "2026-09-23.1", "provider": "Overture Maps Foundation"}}, {"type": "Feature", "geometry": {"type": "Point", "coordinates": [5.604590178, 6.387130241]}, "properties": {"sourceId": "e84437a6-a55c-4236-b1ca-d6028e98e078", "name": "The Church of Jesus Christ of Latter-day Saints", "kind": "place", "sources": [{"property": "", "dataset": "Microsoft", "license": "CDLA-Permissive-2.0", "record_id": "562949966044485", "update_time": "2025-08-05T21:56:41.357Z", "confidence": 0.85, "between": null, "provider": "microsoft", "resource": "microsoft", "version": "2025-10-20"}, {"property": "/properties/confidence", "dataset": "Overture", "license": "CDLA-Permissive-2.0", "record_id": null, "update_time": "2026-09-17T22:52:12Z", "confidence": null, "between": null, "provider": "overture", "resource": "confidence_calculation", "version": "2026-09-17"}], "release": "2026-09-23.1", "provider": "Overture Maps Foundation"}}, {"type": "Feature", "geometry": {"type": "Point", "coordinates": [5.630183536526013, 6.390006181357458]}, "properties": {"sourceId": "7a9f7116-1aa3-4647-a98d-d13fe9f4ee3e", "name": "Federal Government Girls College, Benin City", "kind": "place", "sources": [{"property": "", "dataset": "meta", "license": "CDLA-Permissive-2.0", "record_id": "215532225163783", "update_time": "2026-09-14T00:00:00.000Z", "confidence": 0.8116352558135986, "between": null, "provider": "meta", "resource": "meta", "version": "2026-09-14"}, {"property": "/properties/confidence", "dataset": "Overture", "license": "CDLA-Permissive-2.0", "record_id": null, "update_time": "2026-09-17T22:52:12Z", "confidence": null, "between": null, "provider": "overture", "resource": "confidence_calculation", "version": "2026-09-17"}], "release": "2026-09-23.1", "provider": "Overture Maps Foundation"}}, {"type": "Feature", "geometry": {"type": "Point", "coordinates": [5.6236214, 6.3894125]}, "properties": {"sourceId": "c8cd589d-da17-4df6-b304-29607cf47f5e", "name": "Omega Fire Ministries Benin 5", "kind": "place", "sources": [{"property": "", "dataset": "meta", "license": "CDLA-Permissive-2.0", "record_id": "130994988852163", "update_time": "2026-08-24T00:00:00.000Z", "confidence": 0.7406960725784302, "between": null, "provider": "meta", "resource": "meta", "version": "2026-08-24"}, {"property": "/properties/confidence", "dataset": "Overture", "license": "CDLA-Permissive-2.0", "record_id": null, "update_time": "2026-09-17T22:52:12Z", "confidence": null, "between": null, "provider": "overture", "resource": "confidence_calculation", "version": "2026-09-17"}], "release": "2026-09-23.1", "provider": "Overture Maps Foundation"}}, {"type": "Feature", "geometry": {"type": "Point", "coordinates": [5.6236214, 6.3894125]}, "properties": {"sourceId": "cafcc79b-95a5-49f1-99ff-f983245e468c", "name": "Christ Family Centre Benin City", "kind": "place", "sources": [{"property": "", "dataset": "meta", "license": "CDLA-Permissive-2.0", "record_id": "111288141854143", "update_time": "2026-09-14T00:00:00.000Z", "confidence": 0.7269887328147888, "between": null, "provider": "meta", "resource": "meta", "version": "2026-09-14"}, {"property": "/properties/confidence", "dataset": "Overture", "license": "CDLA-Permissive-2.0", "record_id": null, "update_time": "2026-09-17T22:52:12Z", "confidence": null, "between": null, "provider": "overture", "resource": "confidence_calculation", "version": "2026-09-17"}], "release": "2026-09-23.1", "provider": "Overture Maps Foundation"}}, {"type": "Feature", "geometry": {"type": "Point", "coordinates": [5.621395111084, 6.3893634836854]}, "properties": {"sourceId": "e1c6bb91-c715-49e6-af0d-19c13ac33080", "name": "Shimog agro Solutions", "kind": "place", "sources": [{"property": "", "dataset": "meta", "license": "CDLA-Permissive-2.0", "record_id": "676773509064627", "update_time": "2026-09-14T00:00:00.000Z", "confidence": 0.5704625248908997, "between": null, "provider": "meta", "resource": "meta", "version": "2026-09-14"}, {"property": "/properties/confidence", "dataset": "Overture", "license": "CDLA-Permissive-2.0", "record_id": null, "update_time": "2026-09-17T22:52:12Z", "confidence": null, "between": null, "provider": "overture", "resource": "confidence_calculation", "version": "2026-09-17"}], "release": "2026-09-23.1", "provider": "Overture Maps Foundation"}}, {"type": "Feature", "geometry": {"type": "Point", "coordinates": [5.61848105, 6.38605544]}, "properties": {"sourceId": "8d5dfb51-9f45-460e-931b-eec15d330930", "name": "Clovers' Edge Properties", "kind": "place", "sources": [{"property": "", "dataset": "meta", "license": "CDLA-Permissive-2.0", "record_id": "112908720399753", "update_time": "2026-09-14T00:00:00.000Z", "confidence": 0.6550396680831909, "between": null, "provider": "meta", "resource": "meta", "version": "2026-09-14"}, {"property": "/properties/confidence", "dataset": "Overture", "license": "CDLA-Permissive-2.0", "record_id": null, "update_time": "2026-09-17T22:52:12Z", "confidence": null, "between": null, "provider": "overture", "resource": "confidence_calculation", "version": "2026-09-17"}], "release": "2026-09-23.1", "provider": "Overture Maps Foundation"}}, {"type": "Feature", "geometry": {"type": "Point", "coordinates": [5.62109487, 6.39706483]}, "properties": {"sourceId": "b4f0ab9b-9964-4989-bf6d-bd4036cacc7d", "name": "Hall 3", "kind": "place", "sources": [{"property": "", "dataset": "meta", "license": "CDLA-Permissive-2.0", "record_id": "538749432820027", "update_time": "2026-09-14T00:00:00.000Z", "confidence": 0.5278931856155396, "between": null, "provider": "meta", "resource": "meta", "version": "2026-09-14"}, {"property": "/properties/confidence", "dataset": "Overture", "license": "CDLA-Permissive-2.0", "record_id": null, "update_time": "2026-09-17T22:52:12Z", "confidence": null, "between": null, "provider": "overture", "resource": "confidence_calculation", "version": "2026-09-17"}], "release": "2026-09-23.1", "provider": "Overture Maps Foundation"}}, {"type": "Feature", "geometry": {"type": "Point", "coordinates": [5.61984717, 6.3969064]}, "properties": {"sourceId": "e68e766d-0fb1-425f-bb5f-65aade571b32", "name": "University Of Benin", "kind": "place", "sources": [{"property": "", "dataset": "meta", "license": "CDLA-Permissive-2.0", "record_id": "106557946046658", "update_time": "2026-09-14T00:00:00.000Z", "confidence": 0.7038161158561707, "between": null, "provider": "meta", "resource": "meta", "version": "2026-09-14"}, {"property": "/properties/confidence", "dataset": "Overture", "license": "CDLA-Permissive-2.0", "record_id": null, "update_time": "2026-09-17T22:52:12Z", "confidence": null, "between": null, "provider": "overture", "resource": "confidence_calculation", "version": "2026-09-17"}], "release": "2026-09-23.1", "provider": "Overture Maps Foundation"}}, {"type": "Feature", "geometry": {"type": "Point", "coordinates": [5.61909872, 6.3954132]}, "properties": {"sourceId": "92a8c293-1d2a-4b02-a05d-4dae7ae74b7a", "name": "Buka", "kind": "place", "sources": [{"property": "", "dataset": "meta", "license": "CDLA-Permissive-2.0", "record_id": "273094440014193", "update_time": "2026-09-14T00:00:00.000Z", "confidence": 0.3662307560443878, "between": null, "provider": "meta", "resource": "meta", "version": "2026-09-14"}, {"property": "/properties/confidence", "dataset": "Overture", "license": "CDLA-Permissive-2.0", "record_id": null, "update_time": "2026-09-17T22:52:12Z", "confidence": null, "between": null, "provider": "overture", "resource": "confidence_calculation", "version": "2026-09-17"}], "release": "2026-09-23.1", "provider": "Overture Maps Foundation"}}, {"type": "Feature", "geometry": {"type": "Point", "coordinates": [5.61980561, 6.4008643]}, "properties": {"sourceId": "f21cf74b-f069-442a-93b4-58d6ac68cb6f", "name": "Faculty of Education", "kind": "place", "sources": [{"property": "", "dataset": "meta", "license": "CDLA-Permissive-2.0", "record_id": "103133325199787", "update_time": "2026-09-14T00:00:00.000Z", "confidence": 0.3868836462497711, "between": null, "provider": "meta", "resource": "meta", "version": "2026-09-14"}, {"property": "/properties/confidence", "dataset": "Overture", "license": "CDLA-Permissive-2.0", "record_id": null, "update_time": "2026-09-17T22:52:12Z", "confidence": null, "between": null, "provider": "overture", "resource": "confidence_calculation", "version": "2026-09-17"}], "release": "2026-09-23.1", "provider": "Overture Maps Foundation"}}, {"type": "Feature", "geometry": {"type": "Point", "coordinates": [5.62121979, 6.40387551]}, "properties": {"sourceId": "bb430539-d552-4920-a402-b0c408a04d74", "name": "Faculty of Arts", "kind": "place", "sources": [{"property": "", "dataset": "meta", "license": "CDLA-Permissive-2.0", "record_id": "399504154138254", "update_time": "2026-09-14T00:00:00.000Z", "confidence": 0.4349752962589264, "between": null, "provider": "meta", "resource": "meta", "version": "2026-09-14"}, {"property": "/properties/confidence", "dataset": "Overture", "license": "CDLA-Permissive-2.0", "record_id": null, "update_time": "2026-09-17T22:52:12Z", "confidence": null, "between": null, "provider": "overture", "resource": "confidence_calculation", "version": "2026-09-17"}], "release": "2026-09-23.1", "provider": "Overture Maps Foundation"}}, {"type": "Feature", "geometry": {"type": "Point", "coordinates": [5.62121446, 6.40213651]}, "properties": {"sourceId": "604dcc68-392a-45ae-8c92-318616bf7c3b", "name": "1000LT Faculty of Arts", "kind": "place", "sources": [{"property": "", "dataset": "meta", "license": "CDLA-Permissive-2.0", "record_id": "286608318956124", "update_time": "2026-09-14T00:00:00.000Z", "confidence": 0.6043370366096497, "between": null, "provider": "meta", "resource": "meta", "version": "2026-09-14"}, {"property": "/properties/confidence", "dataset": "Overture", "license": "CDLA-Permissive-2.0", "record_id": null, "update_time": "2026-09-17T22:52:12Z", "confidence": null, "between": null, "provider": "overture", "resource": "confidence_calculation", "version": "2026-09-17"}], "release": "2026-09-23.1", "provider": "Overture Maps Foundation"}}, {"type": "Feature", "geometry": {"type": "Point", "coordinates": [5.62265, 6.40001]}, "properties": {"sourceId": "9bb78024-fbf5-471d-82f7-5f228e8b9672", "name": "University Of Benin Law Clinic", "kind": "place", "sources": [{"property": "", "dataset": "meta", "license": "CDLA-Permissive-2.0", "record_id": "104897891072754", "update_time": "2026-09-14T00:00:00.000Z", "confidence": 0.6836240291595459, "between": null, "provider": "meta", "resource": "meta", "version": "2026-09-14"}, {"property": "/properties/confidence", "dataset": "Overture", "license": "CDLA-Permissive-2.0", "record_id": null, "update_time": "2026-09-17T22:52:12Z", "confidence": null, "between": null, "provider": "overture", "resource": "confidence_calculation", "version": "2026-09-17"}], "release": "2026-09-23.1", "provider": "Overture Maps Foundation"}}, {"type": "Feature", "geometry": {"type": "Point", "coordinates": [5.6229, 6.40142]}, "properties": {"sourceId": "80c58fab-769b-4b0c-b496-1c3379d933fc", "name": "Royal Evangelical Global Outreach Ministries", "kind": "place", "sources": [{"property": "", "dataset": "meta", "license": "CDLA-Permissive-2.0", "record_id": "245325245339292", "update_time": "2026-09-14T00:00:00.000Z", "confidence": 0.5616220831871033, "between": null, "provider": "meta", "resource": "meta", "version": "2026-09-14"}, {"property": "/properties/confidence", "dataset": "Overture", "license": "CDLA-Permissive-2.0", "record_id": null, "update_time": "2026-09-17T22:52:12Z", "confidence": null, "between": null, "provider": "overture", "resource": "confidence_calculation", "version": "2026-09-17"}], "release": "2026-09-23.1", "provider": "Overture Maps Foundation"}}, {"type": "Feature", "geometry": {"type": "Point", "coordinates": [5.6229, 6.40142]}, "properties": {"sourceId": "1d69c476-2896-4cc0-a3ed-2df16c82fc5b", "name": "The Love Family Alumni Association", "kind": "place", "sources": [{"property": "", "dataset": "meta", "license": "CDLA-Permissive-2.0", "record_id": "117992742932160", "update_time": "2026-09-14T00:00:00.000Z", "confidence": 0.2757449746131897, "between": null, "provider": "meta", "resource": "meta", "version": "2026-09-14"}, {"property": "/properties/confidence", "dataset": "Overture", "license": "CDLA-Permissive-2.0", "record_id": null, "update_time": "2026-09-17T22:52:12Z", "confidence": null, "between": null, "provider": "overture", "resource": "confidence_calculation", "version": "2026-09-17"}], "release": "2026-09-23.1", "provider": "Overture Maps Foundation"}}, {"type": "Feature", "geometry": {"type": "Point", "coordinates": [5.6229, 6.40142]}, "properties": {"sourceId": "0b14fdad-1b8a-479e-b753-3f36aaa4de7d", "name": "Bulk variety wholesale group ", "kind": "place", "sources": [{"property": "", "dataset": "meta", "license": "CDLA-Permissive-2.0", "record_id": "269348652925775", "update_time": "2026-08-24T00:00:00.000Z", "confidence": 0.5507825613021851, "between": null, "provider": "meta", "resource": "meta", "version": "2026-08-24"}, {"property": "/properties/confidence", "dataset": "Overture", "license": "CDLA-Permissive-2.0", "record_id": null, "update_time": "2026-09-17T22:52:12Z", "confidence": null, "between": null, "provider": "overture", "resource": "confidence_calculation", "version": "2026-09-17"}], "release": "2026-09-23.1", "provider": "Overture Maps Foundation"}}, {"type": "Feature", "geometry": {"type": "Point", "coordinates": [5.6225121, 6.4028729]}, "properties": {"sourceId": "d15c0869-0f90-44ca-831a-08c6521a7649", "name": "Rccg Victory Chapel Akoka, LP84 HQTs.", "kind": "place", "sources": [{"property": "", "dataset": "meta", "license": "CDLA-Permissive-2.0", "record_id": "1412937532159248", "update_time": "2026-09-14T00:00:00.000Z", "confidence": 0.8279176950454712, "between": null, "provider": "meta", "resource": "meta", "version": "2026-09-14"}, {"property": "/properties/confidence", "dataset": "Overture", "license": "CDLA-Permissive-2.0", "record_id": null, "update_time": "2026-09-17T22:52:12Z", "confidence": null, "between": null, "provider": "overture", "resource": "confidence_calculation", "version": "2026-09-17"}], "release": "2026-09-23.1", "provider": "Overture Maps Foundation"}}, {"type": "Feature", "geometry": {"type": "Point", "coordinates": [5.6225388, 6.40310768]}, "properties": {"sourceId": "ad48daee-572f-471c-b57f-819e33f517d5", "name": "Innovations Cybercafe", "kind": "place", "sources": [{"property": "", "dataset": "meta", "license": "CDLA-Permissive-2.0", "record_id": "113849750448342", "update_time": "2026-09-14T00:00:00.000Z", "confidence": 0.5584470629692078, "between": null, "provider": "meta", "resource": "meta", "version": "2026-09-14"}, {"property": "/properties/confidence", "dataset": "Overture", "license": "CDLA-Permissive-2.0", "record_id": null, "update_time": "2026-09-17T22:52:12Z", "confidence": null, "between": null, "provider": "overture", "resource": "confidence_calculation", "version": "2026-09-17"}], "release": "2026-09-23.1", "provider": "Overture Maps Foundation"}}, {"type": "Feature", "geometry": {"type": "Point", "coordinates": [5.62206941, 6.40348036]}, "properties": {"sourceId": "9524d7f1-5151-4184-9a6c-c095ec6d026c", "name": "Faculty of Social Sciences", "kind": "place", "sources": [{"property": "", "dataset": "meta", "license": "CDLA-Permissive-2.0", "record_id": "794420897609957", "update_time": "2026-09-14T00:00:00.000Z", "confidence": 0.5260405540466309, "between": null, "provider": "meta", "resource": "meta", "version": "2026-09-14"}, {"property": "/properties/confidence", "dataset": "Overture", "license": "CDLA-Permissive-2.0", "record_id": null, "update_time": "2026-09-17T22:52:12Z", "confidence": null, "between": null, "provider": "overture", "resource": "confidence_calculation", "version": "2026-09-17"}], "release": "2026-09-23.1", "provider": "Overture Maps Foundation"}}, {"type": "Feature", "geometry": {"type": "Point", "coordinates": [5.622912, 6.395281]}, "properties": {"sourceId": "592c54e2-a638-40c5-a99c-87f2e6177464", "name": "Medical Complex LT1", "kind": "place", "sources": [{"property": "", "dataset": "meta", "license": "CDLA-Permissive-2.0", "record_id": "1892477484179748", "update_time": "2026-09-14T00:00:00.000Z", "confidence": 0.497669517993927, "between": null, "provider": "meta", "resource": "meta", "version": "2026-09-14"}, {"property": "/properties/confidence", "dataset": "Overture", "license": "CDLA-Permissive-2.0", "record_id": null, "update_time": "2026-09-17T22:52:12Z", "confidence": null, "between": null, "provider": "overture", "resource": "confidence_calculation", "version": "2026-09-17"}], "release": "2026-09-23.1", "provider": "Overture Maps Foundation"}}, {"type": "Feature", "geometry": {"type": "Point", "coordinates": [5.62311144, 6.39529737]}, "properties": {"sourceId": "a2dcccd8-f1d6-4965-a557-8da360b60769", "name": "Medical Complex", "kind": "place", "sources": [{"property": "", "dataset": "meta", "license": "CDLA-Permissive-2.0", "record_id": "263801697128739", "update_time": "2026-09-14T00:00:00.000Z", "confidence": 0.651965856552124, "between": null, "provider": "meta", "resource": "meta", "version": "2026-09-14"}, {"property": "/properties/confidence", "dataset": "Overture", "license": "CDLA-Permissive-2.0", "record_id": null, "update_time": "2026-09-17T22:52:12Z", "confidence": null, "between": null, "provider": "overture", "resource": "confidence_calculation", "version": "2026-09-17"}], "release": "2026-09-23.1", "provider": "Overture Maps Foundation"}}, {"type": "Feature", "geometry": {"type": "Point", "coordinates": [5.62599792, 6.39817218]}, "properties": {"sourceId": "bcf854b5-db9f-4eac-8c78-76edf4bd82d9", "name": "Hall 6 Hostel", "kind": "place", "sources": [{"property": "", "dataset": "meta", "license": "CDLA-Permissive-2.0", "record_id": "2221951737902872", "update_time": "2026-09-14T00:00:00.000Z", "confidence": 0.45678699016571045, "between": null, "provider": "meta", "resource": "meta", "version": "2026-09-14"}, {"property": "/properties/confidence", "dataset": "Overture", "license": "CDLA-Permissive-2.0", "record_id": null, "update_time": "2026-09-17T22:52:12Z", "confidence": null, "between": null, "provider": "overture", "resource": "confidence_calculation", "version": "2026-09-17"}], "release": "2026-09-23.1", "provider": "Overture Maps Foundation"}}, {"type": "Feature", "geometry": {"type": "Point", "coordinates": [5.63060224, 6.39110125]}, "properties": {"sourceId": "ae00e9d6-4559-4207-972c-20366fb18776", "name": "Federal Staff School", "kind": "place", "sources": [{"property": "", "dataset": "meta", "license": "CDLA-Permissive-2.0", "record_id": "1410723922475672", "update_time": "2026-09-14T00:00:00.000Z", "confidence": 0.5986273288726807, "between": null, "provider": "meta", "resource": "meta", "version": "2026-09-14"}, {"property": "/properties/confidence", "dataset": "Overture", "license": "CDLA-Permissive-2.0", "record_id": null, "update_time": "2026-09-17T22:52:12Z", "confidence": null, "between": null, "provider": "overture", "resource": "confidence_calculation", "version": "2026-09-17"}], "release": "2026-09-23.1", "provider": "Overture Maps Foundation"}}, {"type": "Feature", "geometry": {"type": "Point", "coordinates": [5.6326799, 6.39849]}, "properties": {"sourceId": "124b22df-71cb-4048-a927-f490adf53cc9", "name": "Asostruct Construction Limited", "kind": "place", "sources": [{"property": "", "dataset": "meta", "license": "CDLA-Permissive-2.0", "record_id": "164488093625269", "update_time": "2026-09-14T00:00:00.000Z", "confidence": 0.3555680215358734, "between": null, "provider": "meta", "resource": "meta", "version": "2026-09-14"}, {"property": "/properties/confidence", "dataset": "Overture", "license": "CDLA-Permissive-2.0", "record_id": null, "update_time": "2026-09-17T22:52:12Z", "confidence": null, "between": null, "provider": "overture", "resource": "confidence_calculation", "version": "2026-09-17"}], "release": "2026-09-23.1", "provider": "Overture Maps Foundation"}}, {"type": "Feature", "geometry": {"type": "Point", "coordinates": [5.63288, 6.39874]}, "properties": {"sourceId": "6bd4dbcf-edb7-42bd-86b4-21a8d68b35a3", "name": "Zitiart and Frames", "kind": "place", "sources": [{"property": "", "dataset": "meta", "license": "CDLA-Permissive-2.0", "record_id": "632498313761425", "update_time": "2026-08-24T00:00:00.000Z", "confidence": 0.31280696392059326, "between": null, "provider": "meta", "resource": "meta", "version": "2026-08-24"}, {"property": "/properties/confidence", "dataset": "Overture", "license": "CDLA-Permissive-2.0", "record_id": null, "update_time": "2026-09-17T22:52:12Z", "confidence": null, "between": null, "provider": "overture", "resource": "confidence_calculation", "version": "2026-09-17"}], "release": "2026-09-23.1", "provider": "Overture Maps Foundation"}}, {"type": "Feature", "geometry": {"type": "Point", "coordinates": [5.63288, 6.39874]}, "properties": {"sourceId": "1a4b3ada-957c-419e-9e14-00b94f33b61d", "name": "Agribusiness Coach", "kind": "place", "sources": [{"property": "", "dataset": "meta", "license": "CDLA-Permissive-2.0", "record_id": "1479107005553114", "update_time": "2026-09-14T00:00:00.000Z", "confidence": 0.5677305459976196, "between": null, "provider": "meta", "resource": "meta", "version": "2026-09-14"}, {"property": "/properties/confidence", "dataset": "Overture", "license": "CDLA-Permissive-2.0", "record_id": null, "update_time": "2026-09-17T22:52:12Z", "confidence": null, "between": null, "provider": "overture", "resource": "confidence_calculation", "version": "2026-09-17"}], "release": "2026-09-23.1", "provider": "Overture Maps Foundation"}}, {"type": "Feature", "geometry": {"type": "Point", "coordinates": [5.6328699, 6.39856]}, "properties": {"sourceId": "f75bcc28-bc75-454e-909c-c4cd5ea226e1", "name": "Senate Travel And Tours Limited", "kind": "place", "sources": [{"property": "", "dataset": "meta", "license": "CDLA-Permissive-2.0", "record_id": "579424285573569", "update_time": "2026-09-14T00:00:00.000Z", "confidence": 0.6041907072067261, "between": null, "provider": "meta", "resource": "meta", "version": "2026-09-14"}, {"property": "/properties/confidence", "dataset": "Overture", "license": "CDLA-Permissive-2.0", "record_id": null, "update_time": "2026-09-17T22:52:12Z", "confidence": null, "between": null, "provider": "overture", "resource": "confidence_calculation", "version": "2026-09-17"}], "release": "2026-09-23.1", "provider": "Overture Maps Foundation"}}, {"type": "Feature", "geometry": {"type": "Point", "coordinates": [5.62791189, 6.40507886]}, "properties": {"sourceId": "ef5731d4-b03c-489e-b732-feef65a6f92c", "name": "Uniben Guest House", "kind": "place", "sources": [{"property": "", "dataset": "meta", "license": "CDLA-Permissive-2.0", "record_id": "392933507755632", "update_time": "2026-09-14T00:00:00.000Z", "confidence": 0.4926316738128662, "between": null, "provider": "meta", "resource": "meta", "version": "2026-09-14"}, {"property": "/properties/confidence", "dataset": "Overture", "license": "CDLA-Permissive-2.0", "record_id": null, "update_time": "2026-09-17T22:52:12Z", "confidence": null, "between": null, "provider": "overture", "resource": "confidence_calculation", "version": "2026-09-17"}], "release": "2026-09-23.1", "provider": "Overture Maps Foundation"}}, {"type": "Feature", "geometry": {"type": "Point", "coordinates": [5.6277724036085, 6.4049279992259]}, "properties": {"sourceId": "ba67af34-12d7-482c-809f-72dea8036913", "name": "Suya Spot, GH", "kind": "place", "sources": [{"property": "", "dataset": "meta", "license": "CDLA-Permissive-2.0", "record_id": "336600283561065", "update_time": "2026-09-14T00:00:00.000Z", "confidence": 0.3550192415714264, "between": null, "provider": "meta", "resource": "meta", "version": "2026-09-14"}, {"property": "/properties/confidence", "dataset": "Overture", "license": "CDLA-Permissive-2.0", "record_id": null, "update_time": "2026-09-17T22:52:12Z", "confidence": null, "between": null, "provider": "overture", "resource": "confidence_calculation", "version": "2026-09-17"}], "release": "2026-09-23.1", "provider": "Overture Maps Foundation"}}, {"type": "Feature", "geometry": {"type": "Point", "coordinates": [5.6269203073881, 6.40523898889]}, "properties": {"sourceId": "296ef757-d9d9-4307-a07c-d52b4721851d", "name": "Track 11", "kind": "place", "sources": [{"property": "", "dataset": "meta", "license": "CDLA-Permissive-2.0", "record_id": "350800999027248", "update_time": "2026-09-14T00:00:00.000Z", "confidence": 0.3632637560367584, "between": null, "provider": "meta", "resource": "meta", "version": "2026-09-14"}, {"property": "/properties/confidence", "dataset": "Overture", "license": "CDLA-Permissive-2.0", "record_id": null, "update_time": "2026-09-17T22:52:12Z", "confidence": null, "between": null, "provider": "overture", "resource": "confidence_calculation", "version": "2026-09-17"}], "release": "2026-09-23.1", "provider": "Overture Maps Foundation"}}, {"type": "Feature", "geometry": {"type": "Point", "coordinates": [5.626846144672, 6.405240478285]}, "properties": {"sourceId": "50161da8-c1dc-4c39-bad1-62947c452fd7", "name": "Medical Complex", "kind": "place", "sources": [{"property": "", "dataset": "meta", "license": "CDLA-Permissive-2.0", "record_id": "613826759034323", "update_time": "2026-09-14T00:00:00.000Z", "confidence": 0.3686178922653198, "between": null, "provider": "meta", "resource": "meta", "version": "2026-09-14"}, {"property": "/properties/confidence", "dataset": "Overture", "license": "CDLA-Permissive-2.0", "record_id": null, "update_time": "2026-09-17T22:52:12Z", "confidence": null, "between": null, "provider": "overture", "resource": "confidence_calculation", "version": "2026-09-17"}], "release": "2026-09-23.1", "provider": "Overture Maps Foundation"}}, {"type": "Feature", "geometry": {"type": "Point", "coordinates": [5.62689, 6.405239]}, "properties": {"sourceId": "1de8d677-520a-4707-a6ae-95d09f5e8791", "name": "Fidelity Bank", "kind": "place", "sources": [{"property": "", "dataset": "meta", "license": "CDLA-Permissive-2.0", "record_id": "335053697295190", "update_time": "2026-09-14T00:00:00.000Z", "confidence": 0.5062670707702637, "between": null, "provider": "meta", "resource": "meta", "version": "2026-09-14"}, {"property": "/properties/confidence", "dataset": "Overture", "license": "CDLA-Permissive-2.0", "record_id": null, "update_time": "2026-09-17T22:52:12Z", "confidence": null, "between": null, "provider": "overture", "resource": "confidence_calculation", "version": "2026-09-17"}], "release": "2026-09-23.1", "provider": "Overture Maps Foundation"}}, {"type": "Feature", "geometry": {"type": "Point", "coordinates": [5.6272921498054, 6.4166185398652]}, "properties": {"sourceId": "c940d841-e13b-4266-a66e-ff04cdd1b5bd", "name": "House of Salvation for All Nations", "kind": "place", "sources": [{"property": "", "dataset": "meta", "license": "CDLA-Permissive-2.0", "record_id": "624261100975534", "update_time": "2026-09-14T00:00:00.000Z", "confidence": 0.5973379611968994, "between": null, "provider": "meta", "resource": "meta", "version": "2026-09-14"}, {"property": "/properties/confidence", "dataset": "Overture", "license": "CDLA-Permissive-2.0", "record_id": null, "update_time": "2026-09-17T22:52:12Z", "confidence": null, "between": null, "provider": "overture", "resource": "confidence_calculation", "version": "2026-09-17"}], "release": "2026-09-23.1", "provider": "Overture Maps Foundation"}}, {"type": "Feature", "geometry": {"type": "Point", "coordinates": [5.6254187598825, 6.4073862736965]}, "properties": {"sourceId": "ee20da79-c86b-4b30-a89a-6b7205c7e8ac", "name": "Royal stores", "kind": "place", "sources": [{"property": "", "dataset": "meta", "license": "CDLA-Permissive-2.0", "record_id": "109445591648105", "update_time": "2026-09-14T00:00:00.000Z", "confidence": 0.18805815279483795, "between": null, "provider": "meta", "resource": "meta", "version": "2026-09-14"}, {"property": "/properties/confidence", "dataset": "Overture", "license": "CDLA-Permissive-2.0", "record_id": null, "update_time": "2026-09-17T22:52:12Z", "confidence": null, "between": null, "provider": "overture", "resource": "confidence_calculation", "version": "2026-09-17"}], "release": "2026-09-23.1", "provider": "Overture Maps Foundation"}}, {"type": "Feature", "geometry": {"type": "Point", "coordinates": [5.62359776, 6.40870707]}, "properties": {"sourceId": "a162a56c-2ea5-4498-9216-f62fed08cda7", "name": "Rachizzy Confectionery", "kind": "place", "sources": [{"property": "", "dataset": "meta", "license": "CDLA-Permissive-2.0", "record_id": "107372331966558", "update_time": "2026-09-14T00:00:00.000Z", "confidence": 0.25134432315826416, "between": null, "provider": "meta", "resource": "meta", "version": "2026-09-14"}, {"property": "/properties/confidence", "dataset": "Overture", "license": "CDLA-Permissive-2.0", "record_id": null, "update_time": "2026-09-17T22:52:12Z", "confidence": null, "between": null, "provider": "overture", "resource": "confidence_calculation", "version": "2026-09-17"}], "release": "2026-09-23.1", "provider": "Overture Maps Foundation"}}, {"type": "Feature", "geometry": {"type": "Point", "coordinates": [5.62282788, 6.40751361]}, "properties": {"sourceId": "d864ec4a-b9e2-4aaf-8f0d-ff0587d40915", "name": "Cys Gadgets", "kind": "place", "sources": [{"property": "", "dataset": "meta", "license": "CDLA-Permissive-2.0", "record_id": "111957204453149", "update_time": "2026-09-14T00:00:00.000Z", "confidence": 0.7594521641731262, "between": null, "provider": "meta", "resource": "meta", "version": "2026-09-14"}, {"property": "/properties/confidence", "dataset": "Overture", "license": "CDLA-Permissive-2.0", "record_id": null, "update_time": "2026-09-17T22:52:12Z", "confidence": null, "between": null, "provider": "overture", "resource": "confidence_calculation", "version": "2026-09-17"}], "release": "2026-09-23.1", "provider": "Overture Maps Foundation"}}, {"type": "Feature", "geometry": {"type": "Point", "coordinates": [5.6222072, 6.40694244]}, "properties": {"sourceId": "5d725fbb-9e8e-44a8-9206-d6e1a7b9b90e", "name": "FashionHexzel", "kind": "place", "sources": [{"property": "", "dataset": "meta", "license": "CDLA-Permissive-2.0", "record_id": "104199401834517", "update_time": "2026-09-14T00:00:00.000Z", "confidence": 0.30426692962646484, "between": null, "provider": "meta", "resource": "meta", "version": "2026-09-14"}, {"property": "/properties/confidence", "dataset": "Overture", "license": "CDLA-Permissive-2.0", "record_id": null, "update_time": "2026-09-17T22:52:12Z", "confidence": null, "between": null, "provider": "overture", "resource": "confidence_calculation", "version": "2026-09-17"}], "release": "2026-09-23.1", "provider": "Overture Maps Foundation"}}, {"type": "Feature", "geometry": {"type": "Point", "coordinates": [5.622124, 6.4068067]}, "properties": {"sourceId": "a5538307-49f8-4c8c-b7f3-daaa3e9e2138", "name": "Trend", "kind": "place", "sources": [{"property": "", "dataset": "meta", "license": "CDLA-Permissive-2.0", "record_id": "113092851273317", "update_time": "2026-09-14T00:00:00.000Z", "confidence": 0.18425031006336212, "between": null, "provider": "meta", "resource": "meta", "version": "2026-09-14"}, {"property": "/properties/confidence", "dataset": "Overture", "license": "CDLA-Permissive-2.0", "record_id": null, "update_time": "2026-09-17T22:52:12Z", "confidence": null, "between": null, "provider": "overture", "resource": "confidence_calculation", "version": "2026-09-17"}], "release": "2026-09-23.1", "provider": "Overture Maps Foundation"}}, {"type": "Feature", "geometry": {"type": "Point", "coordinates": [5.62294531, 6.40902328]}, "properties": {"sourceId": "66f72b81-1b9f-4bf0-aadf-4b03ee2a1768", "name": "Bstar Market", "kind": "place", "sources": [{"property": "", "dataset": "meta", "license": "CDLA-Permissive-2.0", "record_id": "110446694102511", "update_time": "2026-09-14T00:00:00.000Z", "confidence": 0.32304880023002625, "between": null, "provider": "meta", "resource": "meta", "version": "2026-09-14"}, {"property": "/properties/confidence", "dataset": "Overture", "license": "CDLA-Permissive-2.0", "record_id": null, "update_time": "2026-09-17T22:52:12Z", "confidence": null, "between": null, "provider": "overture", "resource": "confidence_calculation", "version": "2026-09-17"}], "release": "2026-09-23.1", "provider": "Overture Maps Foundation"}}, {"type": "Feature", "geometry": {"type": "Point", "coordinates": [5.6235278, 6.4100192]}, "properties": {"sourceId": "71975525-f05e-4d7c-a9cc-209c25d17f14", "name": "Faculty of Engineering, University of Benin", "kind": "place", "sources": [{"property": "", "dataset": "meta", "license": "CDLA-Permissive-2.0", "record_id": "957000354340598", "update_time": "2026-09-14T00:00:00.000Z", "confidence": 0.8543820381164551, "between": null, "provider": "meta", "resource": "meta", "version": "2026-09-14"}, {"property": "/properties/confidence", "dataset": "Overture", "license": "CDLA-Permissive-2.0", "record_id": null, "update_time": "2026-09-17T22:52:12Z", "confidence": null, "between": null, "provider": "overture", "resource": "confidence_calculation", "version": "2026-09-17"}], "release": "2026-09-23.1", "provider": "Overture Maps Foundation"}}, {"type": "Feature", "geometry": {"type": "Point", "coordinates": [5.6235278, 6.4100192]}, "properties": {"sourceId": "7ea7c326-e302-4f2a-91e5-f3592b911cee", "name": "Future HOPE Academy", "kind": "place", "sources": [{"property": "", "dataset": "meta", "license": "CDLA-Permissive-2.0", "record_id": "844158978950736", "update_time": "2026-09-14T00:00:00.000Z", "confidence": 0.8784218430519104, "between": null, "provider": "meta", "resource": "meta", "version": "2026-09-14"}, {"property": "/properties/confidence", "dataset": "Overture", "license": "CDLA-Permissive-2.0", "record_id": null, "update_time": "2026-09-17T22:52:12Z", "confidence": null, "between": null, "provider": "overture", "resource": "confidence_calculation", "version": "2026-09-17"}], "release": "2026-09-23.1", "provider": "Overture Maps Foundation"}}, {"type": "Feature", "geometry": {"type": "Point", "coordinates": [5.6235278, 6.4100192]}, "properties": {"sourceId": "e60770fc-a10a-46b6-bcb4-6766e88a5576", "name": "Christ Family Intercessory Ministry", "kind": "place", "sources": [{"property": "", "dataset": "meta", "license": "CDLA-Permissive-2.0", "record_id": "897370000301986", "update_time": "2026-09-14T00:00:00.000Z", "confidence": 0.5828936100006104, "between": null, "provider": "meta", "resource": "meta", "version": "2026-09-14"}, {"property": "/properties/confidence", "dataset": "Overture", "license": "CDLA-Permissive-2.0", "record_id": null, "update_time": "2026-09-17T22:52:12Z", "confidence": null, "between": null, "provider": "overture", "resource": "confidence_calculation", "version": "2026-09-17"}], "release": "2026-09-23.1", "provider": "Overture Maps Foundation"}}, {"type": "Feature", "geometry": {"type": "Point", "coordinates": [5.62064437, 6.40688581]}, "properties": {"sourceId": "c2de65ae-f087-4f00-b8f9-371db82d15dc", "name": "Jacey Collectionz", "kind": "place", "sources": [{"property": "", "dataset": "meta", "license": "CDLA-Permissive-2.0", "record_id": "482021918827561", "update_time": "2026-09-14T00:00:00.000Z", "confidence": 0.14719463884830475, "between": null, "provider": "meta", "resource": "meta", "version": "2026-09-14"}, {"property": "/properties/confidence", "dataset": "Overture", "license": "CDLA-Permissive-2.0", "record_id": null, "update_time": "2026-09-17T22:52:12Z", "confidence": null, "between": null, "provider": "overture", "resource": "confidence_calculation", "version": "2026-09-17"}], "release": "2026-09-23.1", "provider": "Overture Maps Foundation"}}], "source": {"provider": "Overture Maps Foundation", "release": "2026-09-23.1", "bounds": [5.602, 6.386, 5.641, 6.42], "licence": "https://docs.overturemaps.org/attribution/", "counts": {"place": 156}}}